region	ring	station	sector	layer	subsector	roll	nstrips_geom	nstrips_noise	eff_mean	eff_min	eff_max	n_dead	eta	phi	rawId
0	-2	1	1	1	1	1	90	90	0.964612	0.964612	0.964612	0	-0.972084	0.0906435	637566989
0	-2	1	1	1	1	3	90	90	0.740145	0.740145	0.740145	0	-1.15268	0.0906435	637632525
0	-2	1	1	2	1	1	84	84	0.971532	0.971532	0.971532	0	-0.913315	0.0736394	637569037
0	-2	1	1	2	1	3	84	84	0.980683	0.980683	0.980683	0	-1.08822	0.0736394	637634573
0	-2	1	2	1	1	1	90	90	0.953644	0.953644	0.953644	0	-0.972084	0.614242	637567117
0	-2	1	2	1	1	3	90	90	0.978445	0.978445	0.978445	0	-1.15268	0.614242	637632653
0	-2	1	2	2	1	1	84	84	0.976121	0.976121	0.976121	0	-0.913315	0.597238	637569165
0	-2	1	2	2	1	3	84	84	0.977176	0.977176	0.977176	0	-1.08822	0.597238	637634701
0	-2	1	3	1	1	1	90	90	0.958609	0.958609	0.958609	0	-0.972084	1.13784	637567245
0	-2	1	3	1	1	3	90	90	0.974362	0.974362	0.974362	0	-1.15268	1.13784	637632781
0	-2	1	3	2	1	1	84	84	0.906233	0.906233	0.906233	0	-0.913315	1.12084	637569293
0	-2	1	3	2	1	3	84	84	0.979909	0.979909	0.979909	0	-1.08822	1.12084	637634829
0	-2	1	4	1	1	1	90	90	0.98031	0.98031	0.98031	0	-0.972084	1.66144	637567373
0	-2	1	4	1	1	3	90	90	0.977081	0.977081	0.977081	0	-1.15268	1.66144	637632909
0	-2	1	4	2	1	1	84	84	0.979387	0.979387	0.979387	0	-0.913315	1.64444	637569421
0	-2	1	4	2	1	3	84	84	0.975336	0.975336	0.975336	0	-1.08822	1.64444	637634957
0	-2	1	5	1	1	1	90	90	0.404088	0.404088	0.404088	0	-0.972084	2.18504	637567501
0	-2	1	5	1	1	3	90	90	0.981449	0.981449	0.981449	0	-1.15268	2.18504	637633037
0	-2	1	5	2	1	1	84	84	0.976306	0.976306	0.976306	0	-0.913315	2.16803	637569549
0	-2	1	5	2	1	3	84	84	0.981272	0.981272	0.981272	0	-1.08822	2.16803	637635085
0	-2	1	6	1	1	1	90	90	0.971794	0.971794	0.971794	0	-0.972084	2.70864	637567629
0	-2	1	6	1	1	3	90	90	0.818374	0.818374	0.818374	0	-1.15268	2.70864	637633165
0	-2	1	6	2	1	1	84	84	0.978881	0.978881	0.978881	0	-0.913315	2.69163	637569677
0	-2	1	6	2	1	3	84	84	0.982661	0.982661	0.982661	0	-1.08822	2.69163	637635213
0	-2	1	7	1	1	1	90	90	0.973857	0.973857	0.973857	0	-0.972084	-3.05095	637567757
0	-2	1	7	1	1	3	90	90	0.979619	0.979619	0.979619	0	-1.15268	-3.05095	637633293
0	-2	1	7	2	1	1	84	84	0.874087	0.874087	0.874087	0	-0.913315	-3.06795	637569805
0	-2	1	7	2	1	3	84	84	0.980418	0.980418	0.980418	0	-1.08822	-3.06795	637635341
0	-2	1	8	1	1	1	90	90	0.966508	0.966508	0.966508	0	-0.972084	-2.52735	637567885
0	-2	1	8	1	1	3	90	90	0.968443	0.968443	0.968443	0	-1.15268	-2.52735	637633421
0	-2	1	8	2	1	1	84	84	0.970213	0.970213	0.970213	0	-0.913315	-2.54435	637569933
0	-2	1	8	2	1	3	84	84	0.719217	0.719217	0.719217	0	-1.08822	-2.54435	637635469
0	-2	1	9	1	1	1	90	90	0.970216	0.970216	0.970216	0	-0.972084	-2.00375	637568013
0	-2	1	9	1	1	3	90	90	0.978854	0.978854	0.978854	0	-1.15268	-2.00375	637633549
0	-2	1	9	2	1	1	84	84	0.969626	0.969626	0.969626	0	-0.913315	-2.02076	637570061
0	-2	1	9	2	1	3	84	84	0.978047	0.978047	0.978047	0	-1.08822	-2.02076	637635597
0	-2	1	10	1	1	1	90	90	0.976868	0.976868	0.976868	0	-0.972084	-1.48015	637568141
0	-2	1	10	1	1	3	90	90	0.959378	0.959378	0.959378	0	-1.15268	-1.48015	637633677
0	-2	1	10	2	1	1	84	84	0.716662	0.716662	0.716662	0	-0.913315	-1.49716	637570189
0	-2	1	10	2	1	3	84	84	0.971679	0.971679	0.971679	0	-1.08822	-1.49716	637635725
0	-2	1	11	1	1	1	90	90	0.879906	0.879906	0.879906	0	-0.972084	-0.956554	637568269
0	-2	1	11	1	1	3	90	90	0.982402	0.982402	0.982402	0	-1.15268	-0.956554	637633805
0	-2	1	11	2	1	1	84	84	0.936928	0.936928	0.936928	0	-0.913315	-0.973558	637570317
0	-2	1	11	2	1	3	84	84	0.977776	0.977776	0.977776	0	-1.08822	-0.973558	637635853
0	-2	1	12	1	1	1	90	90	0.975536	0.975536	0.975536	0	-0.972084	-0.432955	637568397
0	-2	1	12	1	1	3	90	90	0.969613	0.969613	0.969613	0	-1.15268	-0.432955	637633933
0	-2	1	12	2	1	1	84	84	0	0	0	84	-0.913315	-0.449959	637570445
0	-2	1	12	2	1	3	84	84	0	0	0	84	-1.08822	-0.449959	637635981
0	-2	2	1	1	1	1	90	90	0.957211	0.957211	0.957211	0	-0.845445	-0.0363495	637567021
0	-2	2	1	1	1	3	90	90	0.975622	0.975622	0.975622	0	-1.01305	-0.0363495	637632557
0	-2	2	1	2	1	1	84	84	0.969567	0.969567	0.969567	0	-0.770793	-0.0352701	637569069
0	-2	2	1	2	1	2	84	84	0.965528	0.965528	0.965528	0	-0.8799	-0.0352701	637601837
0	-2	2	1	2	1	3	84	84	0.973683	0.973683	0.973683	0	-0.986347	-0.0352701	637634605
0	-2	2	2	1	1	1	90	90	0.950912	0.950912	0.950912	0	-0.845445	0.487249	637567149
0	-2	2	2	1	1	3	90	90	0.77934	0.77934	0.77934	0	-1.01305	0.487249	637632685
0	-2	2	2	2	1	1	84	84	0.979014	0.979014	0.979014	0	-0.770793	0.488329	637569197
0	-2	2	2	2	1	2	84	84	0.918029	0.918029	0.918029	0	-0.8799	0.488329	637601965
0	-2	2	2	2	1	3	84	84	0.982975	0.982975	0.982975	0	-0.986347	0.488329	637634733
0	-2	2	3	1	1	1	90	90	0.953546	0.953546	0.953546	0	-0.845445	1.01085	637567277
0	-2	2	3	1	1	3	90	90	0.976535	0.976535	0.976535	0	-1.01305	1.01085	637632813
0	-2	2	3	2	1	1	84	84	0.967401	0.967401	0.967401	0	-0.770793	1.01193	637569325
0	-2	2	3	2	1	2	84	84	0.948423	0.948423	0.948423	0	-0.8799	1.01193	637602093
0	-2	2	3	2	1	3	84	84	0.976093	0.976093	0.976093	0	-0.986347	1.01193	637634861
0	-2	2	4	1	1	1	90	90	0.964056	0.964056	0.964056	0	-0.845445	1.53445	637567405
0	-2	2	4	1	1	3	90	90	0.96788	0.96788	0.96788	0	-1.01305	1.53445	637632941
0	-2	2	4	2	1	1	84	84	0.905432	0.905432	0.905432	0	-0.770793	1.53553	637569453
0	-2	2	4	2	1	2	84	84	0.754467	0.754467	0.754467	0	-0.8799	1.53553	637602221
0	-2	2	4	2	1	3	84	84	0.987472	0.987472	0.987472	0	-0.986347	1.53553	637634989
0	-2	2	5	1	1	1	90	90	0	0	0	90	-0.845445	2.05805	637567533
0	-2	2	5	1	1	3	90	90	0.974709	0.974709	0.974709	0	-1.01305	2.05805	637633069
0	-2	2	5	2	1	1	84	84	0.97009	0.97009	0.97009	0	-0.770793	2.05912	637569581
0	-2	2	5	2	1	2	84	84	0.971794	0.971794	0.971794	0	-0.8799	2.05912	637602349
0	-2	2	5	2	1	3	84	84	0.980311	0.980311	0.980311	0	-0.986347	2.05912	637635117
0	-2	2	6	1	1	1	90	90	0.891884	0.891884	0.891884	0	-0.845445	2.58164	637567661
0	-2	2	6	1	1	3	90	90	0.98068	0.98068	0.98068	0	-1.01305	2.58164	637633197
0	-2	2	6	2	1	1	84	84	0.960754	0.960754	0.960754	0	-0.770793	2.58272	637569709
0	-2	2	6	2	1	2	84	84	0.963944	0.963944	0.963944	0	-0.8799	2.58272	637602477
0	-2	2	6	2	1	3	84	84	0.826583	0.826583	0.826583	0	-0.986347	2.58272	637635245
0	-2	2	7	1	1	1	90	90	0.965112	0.965112	0.965112	0	-0.845445	3.10524	637567789
0	-2	2	7	1	1	3	90	90	0.965768	0.965768	0.965768	0	-1.01305	3.10524	637633325
0	-2	2	7	2	1	1	84	84	0.978896	0.978896	0.978896	0	-0.770793	3.10632	637569837
0	-2	2	7	2	1	2	84	84	0.95464	0.95464	0.95464	0	-0.8799	3.10632	637602605
0	-2	2	7	2	1	3	84	84	0.974897	0.974897	0.974897	0	-0.986347	3.10632	637635373
0	-2	2	8	1	1	1	90	90	0.904284	0.904284	0.904284	0	-0.845445	-2.65434	637567917
0	-2	2	8	1	1	3	90	90	0.885628	0.885628	0.885628	0	-1.01305	-2.65434	637633453
0	-2	2	8	2	1	1	84	84	0.961458	0.961458	0.961458	0	-0.770793	-2.65326	637569965
0	-2	2	8	2	1	2	84	84	0.955602	0.955602	0.955602	0	-0.8799	-2.65326	637602733
0	-2	2	8	2	1	3	84	84	0.982598	0.982598	0.982598	0	-0.986347	-2.65326	637635501
0	-2	2	9	1	1	1	90	90	0.973535	0.973535	0.973535	0	-0.845445	-2.13074	637568045
0	-2	2	9	1	1	3	90	90	0.9742	0.9742	0.9742	0	-1.01305	-2.13074	637633581
0	-2	2	9	2	1	1	84	84	0.978519	0.978519	0.978519	0	-0.770793	-2.12967	637570093
0	-2	2	9	2	1	2	84	84	0.94311	0.94311	0.94311	0	-0.8799	-2.12967	637602861
0	-2	2	9	2	1	3	84	84	0.974059	0.974059	0.974059	0	-0.986347	-2.12967	637635629
0	-2	2	10	1	1	1	90	90	0.925552	0.925552	0.925552	0	-0.845445	-1.60715	637568173
0	-2	2	10	1	1	3	90	90	0.966072	0.966072	0.966072	0	-1.01305	-1.60715	637633709
0	-2	2	10	2	1	1	84	84	0.965842	0.965842	0.965842	0	-0.770793	-1.60607	637570221
0	-2	2	10	2	1	2	84	84	0.930718	0.930718	0.930718	0	-0.8799	-1.60607	637602989
0	-2	2	10	2	1	3	84	84	0.980461	0.980461	0.980461	0	-0.986347	-1.60607	637635757
0	-2	2	11	1	1	1	90	90	0.950386	0.950386	0.950386	0	-0.845445	-1.08355	637568301
0	-2	2	11	1	1	3	90	90	0.973038	0.973038	0.973038	0	-1.01305	-1.08355	637633837
0	-2	2	11	2	1	1	84	84	0.969423	0.969423	0.969423	0	-0.770793	-1.08247	637570349
0	-2	2	11	2	1	2	84	84	0.95644	0.95644	0.95644	0	-0.8799	-1.08247	637603117
0	-2	2	11	2	1	3	84	84	0.972092	0.972092	0.972092	0	-0.986347	-1.08247	637635885
0	-2	2	12	1	1	1	90	90	0	0	0	90	-0.845445	-0.559948	637568429
0	-2	2	12	1	1	3	90	90	0	0	0	90	-1.01305	-0.559948	637633965
0	-2	2	12	2	1	1	84	84	0	0	0	84	-0.770793	-0.558869	637570477
0	-2	2	12	2	1	2	84	84	0	0	0	84	-0.8799	-0.558869	637603245
0	-2	2	12	2	1	3	84	84	0	0	0	84	-0.986347	-0.558869	637636013
0	-2	3	1	1	1	1	42	42	0.979963	0.979963	0.979963	0	-0.715282	-0.0937211	637567053
0	-2	3	1	1	2	1	42	42	0.968622	0.968622	0.968622	0	-0.710695	0.153885	637571149
0	-2	3	1	1	1	3	42	42	0.966633	0.966633	0.966633	0	-0.866442	-0.0937211	637632589
0	-2	3	1	1	2	3	42	42	0.957442	0.957442	0.957442	0	-0.861213	0.153885	637636685
0	-2	3	2	1	1	1	42	42	0.964872	0.964872	0.964872	0	-0.715282	0.429878	637567181
0	-2	3	2	1	2	1	42	42	0.926248	0.926248	0.926248	0	-0.710695	0.677483	637571277
0	-2	3	2	1	1	3	42	42	0.935134	0.935134	0.935134	0	-0.866442	0.429878	637632717
0	-2	3	2	1	2	3	42	42	0.968408	0.968408	0.968408	0	-0.861213	0.677483	637636813
0	-2	3	3	1	1	1	42	42	0.856475	0.856475	0.856475	0	-0.715282	0.953476	637567309
0	-2	3	3	1	2	1	42	42	0.873451	0.873451	0.873451	0	-0.710695	1.20108	637571405
0	-2	3	3	1	1	3	42	42	0.96918	0.96918	0.96918	0	-0.866442	0.953476	637632845
0	-2	3	3	1	2	3	42	42	0.957369	0.957369	0.957369	0	-0.861213	1.20108	637636941
0	-2	3	4	1	1	1	42	42	0.984542	0.984542	0.984542	0	-0.715282	1.47708	637567437
0	-2	3	4	1	2	1	42	42	0.972367	0.972367	0.972367	0	-0.710695	1.72468	637571533
0	-2	3	4	1	1	3	42	42	0.886067	0.886067	0.886067	0	-0.866442	1.47708	637632973
0	-2	3	4	1	2	3	42	42	0.925113	0.925113	0.925113	0	-0.861213	1.72468	637637069
0	-2	3	5	1	1	1	42	42	0.971736	0.971736	0.971736	0	-0.715282	2.00067	637567565
0	-2	3	5	1	2	1	42	42	0.949779	0.949779	0.949779	0	-0.710695	2.24828	637571661
0	-2	3	5	1	1	3	42	42	0.982319	0.982319	0.982319	0	-0.866442	2.00067	637633101
0	-2	3	5	1	2	3	42	42	0.972194	0.972194	0.972194	0	-0.861213	2.24828	637637197
0	-2	3	6	1	1	1	42	42	0.917272	0.917272	0.917272	0	-0.715282	2.52427	637567693
0	-2	3	6	1	2	1	42	42	0.96138	0.96138	0.96138	0	-0.710695	2.77188	637571789
0	-2	3	6	1	1	3	42	42	0.719921	0.719921	0.719921	0	-0.866442	2.52427	637633229
0	-2	3	6	1	2	3	42	42	0.716445	0.716445	0.716445	0	-0.861213	2.77188	637637325
0	-2	3	7	1	1	1	42	42	0.860714	0.860714	0.860714	0	-0.715282	3.04787	637567821
0	-2	3	7	1	2	1	42	42	0.978455	0.978455	0.978455	0	-0.710695	-2.98771	637571917
0	-2	3	7	1	1	3	42	42	0.95556	0.95556	0.95556	0	-0.866442	3.04787	637633357
0	-2	3	7	1	2	3	42	42	0.934224	0.934224	0.934224	0	-0.861213	-2.98771	637637453
0	-2	3	8	1	1	1	42	42	0.955157	0.955157	0.955157	0	-0.715282	-2.71171	637567949
0	-2	3	8	1	2	1	42	42	0.972157	0.972157	0.972157	0	-0.710695	-2.46411	637572045
0	-2	3	8	1	1	3	42	42	0.961441	0.961441	0.961441	0	-0.866442	-2.71171	637633485
0	-2	3	8	1	2	3	42	42	0.962735	0.962735	0.962735	0	-0.861213	-2.46411	637637581
0	-2	3	9	1	1	1	42	42	0.978485	0.978485	0.978485	0	-0.715282	-2.18812	637568077
0	-2	3	9	1	2	1	42	42	0.9534	0.9534	0.9534	0	-0.710695	-1.94051	637572173
0	-2	3	9	1	1	3	42	42	0.970329	0.970329	0.970329	0	-0.866442	-2.18812	637633613
0	-2	3	9	1	2	3	42	42	0.968754	0.968754	0.968754	0	-0.861213	-1.94051	637637709
0	-2	3	10	1	1	1	42	42	0.9634	0.9634	0.9634	0	-0.715282	-1.66452	637568205
0	-2	3	10	1	2	1	42	42	0.96914	0.96914	0.96914	0	-0.710695	-1.41691	637572301
0	-2	3	10	1	1	3	42	42	0.970527	0.970527	0.970527	0	-0.866442	-1.66452	637633741
0	-2	3	10	1	2	3	42	42	0.961507	0.961507	0.961507	0	-0.861213	-1.41691	637637837
0	-2	3	11	1	1	1	42	42	0.971406	0.971406	0.971406	0	-0.715282	-1.14092	637568333
0	-2	3	11	1	2	1	42	42	0.968497	0.968497	0.968497	0	-0.710695	-0.893313	637572429
0	-2	3	11	1	1	3	42	42	0.927759	0.927759	0.927759	0	-0.866442	-1.14092	637633869
0	-2	3	11	1	2	3	42	42	0.966423	0.966423	0.966423	0	-0.861213	-0.893313	637637965
0	-2	3	12	1	1	1	42	42	0.9668	0.9668	0.9668	0	-0.715282	-0.61732	637568461
0	-2	3	12	1	2	1	42	42	0.975234	0.975234	0.975234	0	-0.710695	-0.369714	637572557
0	-2	3	12	1	1	3	42	42	0.977304	0.977304	0.977304	0	-0.866442	-0.61732	637633997
0	-2	3	12	1	2	3	42	42	0.954188	0.954188	0.954188	0	-0.861213	-0.369714	637638093
0	-2	4	1	1	1	1	48	48	0.703629	0.703629	0.703629	0	-0.606445	-0.265657	637567085
0	-2	4	1	1	2	1	48	48	0.794427	0.794427	0.794427	0	-0.625992	0.01178	637571181
0	-2	4	1	1	1	3	48	48	0.903258	0.903258	0.903258	0	-0.741168	-0.265657	637632621
0	-2	4	1	1	2	3	48	48	0.885858	0.885858	0.885858	0	-0.763857	0.01178	637636717
0	-2	4	2	1	1	1	48	48	0.646711	0.646711	0.646711	0	-0.606445	0.257941	637567213
0	-2	4	2	1	2	1	48	48	0.927216	0.927216	0.927216	0	-0.625992	0.535379	637571309
0	-2	4	2	1	1	3	48	48	0.70396	0.70396	0.70396	0	-0.741168	0.257941	637632749
0	-2	4	2	1	2	3	48	48	0.950093	0.950093	0.950093	0	-0.763857	0.535379	637636845
0	-2	4	3	1	1	1	48	48	0.962505	0.962505	0.962505	0	-0.606445	0.78154	637567341
0	-2	4	3	1	2	1	48	48	0.963503	0.963503	0.963503	0	-0.625992	1.05898	637571437
0	-2	4	3	1	1	3	48	48	0.961838	0.961838	0.961838	0	-0.741168	0.78154	637632877
0	-2	4	3	1	2	3	48	48	0.964506	0.964506	0.964506	0	-0.763857	1.05898	637636973
0	-2	4	4	1	1	1	36	36	0.896565	0.896565	0.896565	0	-0.597103	1.2479	637567469
0	-2	4	4	1	2	1	36	36	0.96699	0.96699	0.96699	0	-0.621958	1.44968	637571565
0	-2	4	4	1	1	3	36	36	0.822065	0.822065	0.822065	0	-0.730294	1.2479	637633005
0	-2	4	4	1	2	3	36	36	0.848967	0.848967	0.848967	0	-0.759181	1.44968	637637101
0	-2	4	4	1	3	1	36	36	0.96335	0.96335	0.96335	0	-0.621958	1.69191	637575661
0	-2	4	4	1	4	1	36	36	0.938047	0.938047	0.938047	0	-0.597103	1.8937	637579757
0	-2	4	4	1	3	3	36	36	0.957755	0.957755	0.957755	0	-0.759181	1.69191	637641197
0	-2	4	4	1	4	3	36	36	0.844939	0.844939	0.844939	0	-0.730294	1.8937	637645293
0	-2	4	5	1	1	1	48	48	0.968937	0.968937	0.968937	0	-0.625992	2.08261	637567597
0	-2	4	5	1	2	1	48	48	0.938059	0.938059	0.938059	0	-0.606445	2.36005	637571693
0	-2	4	5	1	1	3	48	48	0.956394	0.956394	0.956394	0	-0.763857	2.08261	637633133
0	-2	4	5	1	2	3	48	48	0.866546	0.866546	0.866546	0	-0.741168	2.36005	637637229
0	-2	4	6	1	1	1	48	48	0.940533	0.940533	0.940533	0	-0.625992	2.60621	637567725
0	-2	4	6	1	2	1	48	48	0.841196	0.841196	0.841196	0	-0.606445	2.88365	637571821
0	-2	4	6	1	1	3	48	48	0.71949	0.71949	0.71949	0	-0.763857	2.60621	637633261
0	-2	4	6	1	2	3	48	48	0.662765	0.662765	0.662765	0	-0.741168	2.88365	637637357
0	-2	4	7	1	1	1	48	48	0.762919	0.762919	0.762919	0	-0.625992	3.12981	637567853
0	-2	4	7	1	2	1	48	48	0.808318	0.808318	0.808318	0	-0.606445	-2.87594	637571949
0	-2	4	7	1	1	3	48	48	0.863061	0.863061	0.863061	0	-0.763857	3.12981	637633389
0	-2	4	7	1	2	3	48	48	0.919096	0.919096	0.919096	0	-0.741168	-2.87594	637637485
0	-2	4	8	1	2	1	36	36	0.945088	0.945088	0.945088	0	-0.611049	-2.38566	637572077
0	-2	4	8	1	1	1	48	48	0.97162	0.97162	0.97162	0	-0.625992	-2.62977	637567981
0	-2	4	8	1	2	3	36	36	0.972569	0.972569	0.972569	0	-0.746519	-2.38566	637637613
0	-2	4	8	1	1	3	48	48	0.975978	0.975978	0.975978	0	-0.763857	-2.62977	637633517
0	-2	4	9	1	1	1	48	48	0.58881	0.58881	0.58881	0	-0.624086	-2.08596	637568109
0	-2	4	9	1	1	3	48	48	0.957397	0.957397	0.957397	0	-0.761647	-2.08596	637633645
0	-2	4	10	1	1	1	60	60	0.930293	0.930293	0.930293	0	-0.616125	-1.7597	637568237
0	-2	4	10	1	1	3	60	60	0.978763	0.978763	0.978763	0	-0.752414	-1.7597	637633773
0	-2	4	10	1	2	1	60	60	0.965595	0.965595	0.965595	0	-0.616125	-1.38189	637572333
0	-2	4	10	1	2	3	60	60	0.981688	0.981688	0.981688	0	-0.752414	-1.38189	637637869
0	-2	4	11	1	1	1	48	48	0.969965	0.969965	0.969965	0	-0.624085	-1.05568	637568365
0	-2	4	11	1	1	3	48	48	0.95064	0.95064	0.95064	0	-0.761647	-1.05568	637633901
0	-2	4	12	1	1	1	36	36	0.95588	0.95588	0.95588	0	-0.611049	-0.755931	637568493
0	-2	4	12	1	2	1	48	48	0.959485	0.959485	0.959485	0	-0.625992	-0.511819	637572589
0	-2	4	12	1	1	3	36	36	0.966654	0.966654	0.966654	0	-0.746519	-0.755931	637634029
0	-2	4	12	1	2	3	48	48	0.969996	0.969996	0.969996	0	-0.763857	-0.511819	637638125
0	-1	1	1	1	1	1	90	90	0.963825	0.963825	0.963825	0	-0.475088	0.0906435	637566993
0	-1	1	1	1	1	3	90	90	0.961033	0.961033	0.961033	0	-0.72172	0.0906435	637632529
0	-1	1	1	2	1	1	84	84	0.971048	0.971048	0.971048	0	-0.440905	0.0736394	637569041
0	-1	1	1	2	1	3	84	84	0.986443	0.986443	0.986443	0	-0.673615	0.0736394	637634577
0	-1	1	2	1	1	1	90	90	0.91543	0.91543	0.91543	0	-0.475088	0.614242	637567121
0	-1	1	2	1	1	3	90	90	0.963249	0.963249	0.963249	0	-0.72172	0.614242	637632657
0	-1	1	2	2	1	1	84	84	0.969486	0.969486	0.969486	0	-0.440905	0.597238	637569169
0	-1	1	2	2	1	3	84	84	0.971701	0.971701	0.971701	0	-0.673615	0.597238	637634705
0	-1	1	3	1	1	1	90	90	0.921023	0.921023	0.921023	0	-0.537345	1.13784	637567249
0	-1	1	3	1	1	3	90	90	0.972964	0.972964	0.972964	0	-0.740069	1.13784	637632785
0	-1	1	3	2	1	1	84	84	0.954917	0.954917	0.954917	0	-0.499334	1.12084	637569297
0	-1	1	3	2	1	3	84	84	0.927204	0.927204	0.927204	0	-0.691064	1.12084	637634833
0	-1	1	4	1	1	1	90	90	0.944935	0.944935	0.944935	0	-0.475088	1.66144	637567377
0	-1	1	4	1	1	3	90	90	0.967926	0.967926	0.967926	0	-0.72172	1.66144	637632913
0	-1	1	4	2	1	1	84	84	0	0	0	84	-0.440905	1.64444	637569425
0	-1	1	4	2	1	3	84	84	0	0	0	84	-0.673615	1.64444	637634961
0	-1	1	5	1	1	1	90	90	0.965925	0.965925	0.965925	0	-0.475088	2.18504	637567505
0	-1	1	5	1	1	3	90	90	0.971353	0.971353	0.971353	0	-0.72172	2.18504	637633041
0	-1	1	5	2	1	1	84	84	0.95941	0.95941	0.95941	0	-0.440905	2.16803	637569553
0	-1	1	5	2	1	3	84	84	0.965158	0.965158	0.965158	0	-0.673615	2.16803	637635089
0	-1	1	6	1	1	1	90	90	0.958754	0.958754	0.958754	0	-0.475088	2.70864	637567633
0	-1	1	6	1	1	3	90	90	0.969162	0.969162	0.969162	0	-0.72172	2.70864	637633169
0	-1	1	6	2	1	1	84	84	0.958636	0.958636	0.958636	0	-0.440905	2.69163	637569681
0	-1	1	6	2	1	3	84	84	0.973899	0.973899	0.973899	0	-0.673615	2.69163	637635217
0	-1	1	7	1	1	1	90	90	0.948807	0.948807	0.948807	0	-0.475088	-3.05095	637567761
0	-1	1	7	1	1	3	90	90	0.971808	0.971808	0.971808	0	-0.72172	-3.05095	637633297
0	-1	1	7	2	1	1	84	84	0.952932	0.952932	0.952932	0	-0.440905	-3.06795	637569809
0	-1	1	7	2	1	3	84	84	0.976062	0.976062	0.976062	0	-0.673615	-3.06795	637635345
0	-1	1	8	1	1	1	90	90	0.888609	0.888609	0.888609	0	-0.475088	-2.52735	637567889
0	-1	1	8	1	1	3	90	90	0.929914	0.929914	0.929914	0	-0.72172	-2.52735	637633425
0	-1	1	8	2	1	1	84	84	0.958027	0.958027	0.958027	0	-0.440905	-2.54435	637569937
0	-1	1	8	2	1	3	84	84	0.966078	0.966078	0.966078	0	-0.673615	-2.54435	637635473
0	-1	1	9	1	1	1	90	90	0.953896	0.953896	0.953896	0	-0.475088	-2.00375	637568017
0	-1	1	9	1	1	3	90	90	0.968033	0.968033	0.968033	0	-0.72172	-2.00375	637633553
0	-1	1	9	2	1	1	84	84	0.934372	0.934372	0.934372	0	-0.440905	-2.02076	637570065
0	-1	1	9	2	1	3	84	84	0.956149	0.956149	0.956149	0	-0.673615	-2.02076	637635601
0	-1	1	10	1	1	1	90	90	0.949659	0.949659	0.949659	0	-0.475088	-1.48015	637568145
0	-1	1	10	1	1	3	90	90	0.959367	0.959367	0.959367	0	-0.72172	-1.48015	637633681
0	-1	1	10	2	1	1	84	84	0.950445	0.950445	0.950445	0	-0.440905	-1.49716	637570193
0	-1	1	10	2	1	3	84	84	0.975884	0.975884	0.975884	0	-0.673615	-1.49716	637635729
0	-1	1	11	1	1	1	90	90	0.954709	0.954709	0.954709	0	-0.475088	-0.956554	637568273
0	-1	1	11	1	1	3	90	90	0.957888	0.957888	0.957888	0	-0.72172	-0.956554	637633809
0	-1	1	11	2	1	1	84	84	0.953838	0.953838	0.953838	0	-0.440905	-0.973558	637570321
0	-1	1	11	2	1	3	84	84	0.961992	0.961992	0.961992	0	-0.673615	-0.973558	637635857
0	-1	1	12	1	1	1	90	90	0.834841	0.834841	0.834841	0	-0.475088	-0.432955	637568401
0	-1	1	12	1	1	3	90	90	0.880555	0.880555	0.880555	0	-0.72172	-0.432955	637633937
0	-1	1	12	2	1	1	84	84	0.959023	0.959023	0.959023	0	-0.440905	-0.449959	637570449
0	-1	1	12	2	1	3	84	84	0.946154	0.946154	0.946154	0	-0.673615	-0.449959	637635985
0	-1	2	1	1	1	1	90	90	0.964607	0.964607	0.964607	0	-0.365045	-0.0363495	637567025
0	-1	2	1	1	1	2	90	90	0.948031	0.948031	0.948031	0	-0.509826	-0.0363495	637599793
0	-1	2	1	1	1	3	90	90	0.983736	0.983736	0.983736	0	-0.652317	-0.0363495	637632561
0	-1	2	1	2	1	1	84	84	0.91664	0.91664	0.91664	0	-0.377274	-0.0352701	637569073
0	-1	2	1	2	1	3	84	84	0.973152	0.973152	0.973152	0	-0.582227	-0.0352701	637634609
0	-1	2	2	1	1	1	90	90	0.959209	0.959209	0.959209	0	-0.365045	0.487249	637567153
0	-1	2	2	1	1	2	90	90	0.97488	0.97488	0.97488	0	-0.509826	0.487249	637599921
0	-1	2	2	1	1	3	90	90	0.978314	0.978314	0.978314	0	-0.652317	0.487249	637632689
0	-1	2	2	2	1	1	84	84	0.949441	0.949441	0.949441	0	-0.377273	0.488329	637569201
0	-1	2	2	2	1	3	84	84	0.923559	0.923559	0.923559	0	-0.582227	0.488329	637634737
0	-1	2	3	1	1	1	90	90	0.972459	0.972459	0.972459	0	-0.41982	1.01085	637567281
0	-1	2	3	1	1	2	90	90	0.968173	0.968173	0.968173	0	-0.544294	1.01085	637600049
0	-1	2	3	1	1	3	90	90	0.968885	0.968885	0.968885	0	-0.668372	1.01085	637632817
0	-1	2	3	2	1	1	84	84	0.94229	0.94229	0.94229	0	-0.428235	1.01193	637569329
0	-1	2	3	2	1	3	84	84	0.912168	0.912168	0.912168	0	-0.597819	1.01193	637634865
0	-1	2	4	1	1	1	90	90	0.930809	0.930809	0.930809	0	-0.365045	1.53445	637567409
0	-1	2	4	1	1	2	90	90	0	0	0	90	-0.509826	1.53445	637600177
0	-1	2	4	1	1	3	90	90	0.970317	0.970317	0.970317	0	-0.652317	1.53445	637632945
0	-1	2	4	2	1	1	84	84	0.838259	0.838259	0.838259	0	-0.377274	1.53553	637569457
0	-1	2	4	2	1	3	84	84	0.862135	0.862135	0.862135	0	-0.582227	1.53553	637634993
0	-1	2	5	1	1	1	90	90	0.968807	0.968807	0.968807	0	-0.365045	2.05805	637567537
0	-1	2	5	1	1	2	90	90	0.972213	0.972213	0.972213	0	-0.509826	2.05805	637600305
0	-1	2	5	1	1	3	90	90	0.979927	0.979927	0.979927	0	-0.652317	2.05805	637633073
0	-1	2	5	2	1	1	84	84	0.942158	0.942158	0.942158	0	-0.377273	2.05912	637569585
0	-1	2	5	2	1	3	84	84	0.970474	0.970474	0.970474	0	-0.582227	2.05912	637635121
0	-1	2	6	1	1	1	90	90	0.970583	0.970583	0.970583	0	-0.365045	2.58164	637567665
0	-1	2	6	1	1	2	90	90	0.971866	0.971866	0.971866	0	-0.509826	2.58164	637600433
0	-1	2	6	1	1	3	90	90	0.97797	0.97797	0.97797	0	-0.652317	2.58164	637633201
0	-1	2	6	2	1	1	84	84	0.959181	0.959181	0.959181	0	-0.377273	2.58272	637569713
0	-1	2	6	2	1	3	84	84	0.940115	0.940115	0.940115	0	-0.582227	2.58272	637635249
0	-1	2	7	1	1	1	90	90	0.956155	0.956155	0.956155	0	-0.365045	3.10524	637567793
0	-1	2	7	1	1	2	90	90	0.973628	0.973628	0.973628	0	-0.509826	3.10524	637600561
0	-1	2	7	1	1	3	90	90	0.970352	0.970352	0.970352	0	-0.652317	3.10524	637633329
0	-1	2	7	2	1	1	84	84	0.953498	0.953498	0.953498	0	-0.377274	3.10632	637569841
0	-1	2	7	2	1	3	84	84	0.962867	0.962867	0.962867	0	-0.582227	3.10632	637635377
0	-1	2	8	1	1	1	90	90	0.959942	0.959942	0.959942	0	-0.365045	-2.65434	637567921
0	-1	2	8	1	1	2	90	90	0.972898	0.972898	0.972898	0	-0.509826	-2.65434	637600689
0	-1	2	8	1	1	3	90	90	0.975458	0.975458	0.975458	0	-0.652317	-2.65434	637633457
0	-1	2	8	2	1	1	84	84	0.90667	0.90667	0.90667	0	-0.377273	-2.65326	637569969
0	-1	2	8	2	1	3	84	84	0.962672	0.962672	0.962672	0	-0.582227	-2.65326	637635505
0	-1	2	9	1	1	1	90	90	0.970693	0.970693	0.970693	0	-0.365045	-2.13074	637568049
0	-1	2	9	1	1	2	90	90	0.944176	0.944176	0.944176	0	-0.509826	-2.13074	637600817
0	-1	2	9	1	1	3	90	90	0.976598	0.976598	0.976598	0	-0.652317	-2.13074	637633585
0	-1	2	9	2	1	1	84	84	0.939339	0.939339	0.939339	0	-0.377273	-2.12967	637570097
0	-1	2	9	2	1	3	84	84	0.917501	0.917501	0.917501	0	-0.582227	-2.12967	637635633
0	-1	2	10	1	1	1	90	90	0.979375	0.979375	0.979375	0	-0.365045	-1.60715	637568177
0	-1	2	10	1	1	2	90	90	0.968442	0.968442	0.968442	0	-0.509826	-1.60715	637600945
0	-1	2	10	1	1	3	90	90	0.981884	0.981884	0.981884	0	-0.652317	-1.60715	637633713
0	-1	2	10	2	1	1	84	84	0.928629	0.928629	0.928629	0	-0.377274	-1.60607	637570225
0	-1	2	10	2	1	3	84	84	0.97567	0.97567	0.97567	0	-0.582227	-1.60607	637635761
0	-1	2	11	1	1	1	90	90	0.906512	0.906512	0.906512	0	-0.365045	-1.08355	637568305
0	-1	2	11	1	1	2	90	90	0.966651	0.966651	0.966651	0	-0.509826	-1.08355	637601073
0	-1	2	11	1	1	3	90	90	0.983564	0.983564	0.983564	0	-0.652317	-1.08355	637633841
0	-1	2	11	2	1	1	84	84	0.91804	0.91804	0.91804	0	-0.377273	-1.08247	637570353
0	-1	2	11	2	1	3	84	84	0.957383	0.957383	0.957383	0	-0.582227	-1.08247	637635889
0	-1	2	12	1	1	1	90	90	0.956728	0.956728	0.956728	0	-0.365045	-0.559948	637568433
0	-1	2	12	1	1	2	90	90	0.980291	0.980291	0.980291	0	-0.509826	-0.559948	637601201
0	-1	2	12	1	1	3	90	90	0.973156	0.973156	0.973156	0	-0.652317	-0.559948	637633969
0	-1	2	12	2	1	1	84	84	0.8823	0.8823	0.8823	0	-0.377273	-0.558869	637570481
0	-1	2	12	2	1	3	84	84	0.972423	0.972423	0.972423	0	-0.582227	-0.558869	637636017
0	-1	3	1	1	1	1	42	42	0.963331	0.963331	0.963331	0	-0.332542	-0.0937211	637567057
0	-1	3	1	1	2	1	42	42	0.96041	0.96041	0.96041	0	-0.330147	0.153885	637571153
0	-1	3	1	1	1	3	42	42	0.978355	0.978355	0.978355	0	-0.516563	-0.0937211	637632593
0	-1	3	1	1	2	3	42	42	0.958486	0.958486	0.958486	0	-0.513015	0.153885	637636689
0	-1	3	2	1	1	1	42	42	0.91894	0.91894	0.91894	0	-0.332542	0.429878	637567185
0	-1	3	2	1	2	1	42	42	0.955666	0.955666	0.955666	0	-0.330147	0.677483	637571281
0	-1	3	2	1	1	3	42	42	0.95105	0.95105	0.95105	0	-0.516563	0.429878	637632721
0	-1	3	2	1	2	3	42	42	0.966868	0.966868	0.966868	0	-0.513015	0.677483	637636817
0	-1	3	3	1	1	1	42	42	0.966956	0.966956	0.966956	0	-0.378001	0.953476	637567313
0	-1	3	3	1	2	1	42	42	0.949164	0.949164	0.949164	0	-0.375307	1.20108	637571409
0	-1	3	3	1	1	3	42	42	0.97184	0.97184	0.97184	0	-0.530701	0.953476	637632849
0	-1	3	3	1	2	3	42	42	0.977033	0.977033	0.977033	0	-0.527072	1.20108	637636945
0	-1	3	4	1	1	1	42	42	0.956209	0.956209	0.956209	0	-0.332542	1.47708	637567441
0	-1	3	4	1	2	1	42	42	0.940688	0.940688	0.940688	0	-0.330147	1.72468	637571537
0	-1	3	4	1	1	3	42	42	0.977419	0.977419	0.977419	0	-0.516563	1.47708	637632977
0	-1	3	4	1	2	3	42	42	0.974881	0.974881	0.974881	0	-0.513015	1.72468	637637073
0	-1	3	5	1	1	1	42	42	0	0	0	42	-0.332542	2.00067	637567569
0	-1	3	5	1	2	1	42	42	0.969751	0.969751	0.969751	0	-0.330147	2.24828	637571665
0	-1	3	5	1	1	3	42	42	0	0	0	42	-0.516563	2.00067	637633105
0	-1	3	5	1	2	3	42	42	0.952494	0.952494	0.952494	0	-0.513015	2.24828	637637201
0	-1	3	6	1	1	1	42	42	0.83428	0.83428	0.83428	0	-0.332542	2.52427	637567697
0	-1	3	6	1	2	1	42	42	0.965932	0.965932	0.965932	0	-0.330147	2.77188	637571793
0	-1	3	6	1	1	3	42	42	0.981513	0.981513	0.981513	0	-0.516563	2.52427	637633233
0	-1	3	6	1	2	3	42	42	0.978617	0.978617	0.978617	0	-0.513015	2.77188	637637329
0	-1	3	7	1	1	1	42	42	0.950499	0.950499	0.950499	0	-0.332542	3.04787	637567825
0	-1	3	7	1	2	1	42	42	0.94156	0.94156	0.94156	0	-0.330147	-2.98771	637571921
0	-1	3	7	1	1	3	42	42	0.965752	0.965752	0.965752	0	-0.516563	3.04787	637633361
0	-1	3	7	1	2	3	42	42	0.976853	0.976853	0.976853	0	-0.513015	-2.98771	637637457
0	-1	3	8	1	1	1	42	42	0.931839	0.931839	0.931839	0	-0.332542	-2.71171	637567953
0	-1	3	8	1	2	1	42	42	0.742841	0.742841	0.742841	0	-0.330147	-2.46411	637572049
0	-1	3	8	1	1	3	42	42	0.967239	0.967239	0.967239	0	-0.516563	-2.71171	637633489
0	-1	3	8	1	2	3	42	42	0.979772	0.979772	0.979772	0	-0.513015	-2.46411	637637585
0	-1	3	9	1	1	1	42	42	0.925412	0.925412	0.925412	0	-0.332542	-2.18812	637568081
0	-1	3	9	1	2	1	42	42	0.950324	0.950324	0.950324	0	-0.330147	-1.94051	637572177
0	-1	3	9	1	1	3	42	42	0.969903	0.969903	0.969903	0	-0.516563	-2.18812	637633617
0	-1	3	9	1	2	3	42	42	0.963428	0.963428	0.963428	0	-0.513015	-1.94051	637637713
0	-1	3	10	1	1	1	42	42	0.915828	0.915828	0.915828	0	-0.332542	-1.66452	637568209
0	-1	3	10	1	2	1	42	42	0.934081	0.934081	0.934081	0	-0.330147	-1.41691	637572305
0	-1	3	10	1	1	3	42	42	0.96232	0.96232	0.96232	0	-0.516563	-1.66452	637633745
0	-1	3	10	1	2	3	42	42	0.971978	0.971978	0.971978	0	-0.513015	-1.41691	637637841
0	-1	3	11	1	1	1	42	42	0.932624	0.932624	0.932624	0	-0.332542	-1.14092	637568337
0	-1	3	11	1	2	1	42	42	0.214764	0.214764	0.214764	0	-0.330147	-0.893313	637572433
0	-1	3	11	1	1	3	42	42	0.962218	0.962218	0.962218	0	-0.516563	-1.14092	637633873
0	-1	3	11	1	2	3	42	42	0.514538	0.514538	0.514538	0	-0.513015	-0.893313	637637969
0	-1	3	12	1	1	1	42	42	0.890277	0.890277	0.890277	0	-0.332542	-0.61732	637568465
0	-1	3	12	1	2	1	42	42	0.92028	0.92028	0.92028	0	-0.330147	-0.369714	637572561
0	-1	3	12	1	1	3	42	42	0.946528	0.946528	0.946528	0	-0.516563	-0.61732	637634001
0	-1	3	12	1	2	3	42	42	0.972558	0.972558	0.972558	0	-0.513015	-0.369714	637638097
0	-1	4	1	1	1	1	48	48	0.962917	0.962917	0.962917	0	-0.276998	-0.265657	637567089
0	-1	4	1	1	2	1	48	48	0.944675	0.944675	0.944675	0	-0.286785	0.01178	637571185
0	-1	4	1	1	1	3	48	48	0.934654	0.934654	0.934654	0	-0.433458	-0.265657	637632625
0	-1	4	1	1	2	3	48	48	0.790211	0.790211	0.790211	0	-0.448224	0.01178	637636721
0	-1	4	2	1	1	1	48	48	0.673191	0.673191	0.673191	0	-0.276998	0.257941	637567217
0	-1	4	2	1	2	1	48	48	0.936361	0.936361	0.936361	0	-0.286785	0.535379	637571313
0	-1	4	2	1	1	3	48	48	0.683859	0.683859	0.683859	0	-0.433458	0.257941	637632753
0	-1	4	2	1	2	3	48	48	0.97046	0.97046	0.97046	0	-0.448224	0.535379	637636849
0	-1	4	3	1	1	1	48	48	0.961498	0.961498	0.961498	0	-0.31536	0.78154	637567345
0	-1	4	3	1	2	1	48	48	0.968777	0.968777	0.968777	0	-0.326418	1.05898	637571441
0	-1	4	3	1	1	3	48	48	0.951058	0.951058	0.951058	0	-0.445618	0.78154	637632881
0	-1	4	3	1	2	3	48	48	0.951764	0.951764	0.951764	0	-0.460746	1.05898	637636977
0	-1	4	4	1	1	1	36	36	0.959427	0.959427	0.959427	0	-0.272347	1.2479	637567473
0	-1	4	4	1	2	1	36	36	0.920805	0.920805	0.920805	0	-0.284759	1.44968	637571569
0	-1	4	4	1	1	3	36	36	0.919534	0.919534	0.919534	0	-0.426425	1.2479	637633009
0	-1	4	4	1	2	3	36	36	0.964606	0.964606	0.964606	0	-0.445172	1.44968	637637105
0	-1	4	4	1	3	1	36	36	0.945598	0.945598	0.945598	0	-0.284759	1.69191	637575665
0	-1	4	4	1	4	1	36	36	0.943769	0.943769	0.943769	0	-0.272347	1.8937	637579761
0	-1	4	4	1	3	3	36	36	0.959998	0.959998	0.959998	0	-0.445172	1.69191	637641201
0	-1	4	4	1	4	3	36	36	0.948357	0.948357	0.948357	0	-0.426425	1.8937	637645297
0	-1	4	5	1	1	1	48	48	0.956045	0.956045	0.956045	0	-0.286785	2.08261	637567601
0	-1	4	5	1	2	1	48	48	0.943248	0.943248	0.943248	0	-0.276998	2.36005	637571697
0	-1	4	5	1	1	3	48	48	0.824098	0.824098	0.824098	0	-0.448224	2.08261	637633137
0	-1	4	5	1	2	3	48	48	0.826066	0.826066	0.826066	0	-0.433458	2.36005	637637233
0	-1	4	6	1	1	1	48	48	0.954855	0.954855	0.954855	0	-0.286785	2.60621	637567729
0	-1	4	6	1	2	1	48	48	0.965196	0.965196	0.965196	0	-0.276998	2.88365	637571825
0	-1	4	6	1	1	3	48	48	0.957482	0.957482	0.957482	0	-0.448224	2.60621	637633265
0	-1	4	6	1	2	3	48	48	0.949828	0.949828	0.949828	0	-0.433458	2.88365	637637361
0	-1	4	7	1	1	1	48	48	0.954754	0.954754	0.954754	0	-0.286785	3.12981	637567857
0	-1	4	7	1	2	1	48	48	0.954754	0.954754	0.954754	0	-0.276998	-2.87594	637571953
0	-1	4	7	1	1	3	48	48	0.971601	0.971601	0.971601	0	-0.448224	3.12981	637633393
0	-1	4	7	1	2	3	48	48	0.955437	0.955437	0.955437	0	-0.433458	-2.87594	637637489
0	-1	4	8	1	2	1	36	36	0.942535	0.942535	0.942535	0	-0.279296	-2.38566	637572081
0	-1	4	8	1	1	1	48	48	0.942031	0.942031	0.942031	0	-0.286785	-2.62977	637567985
0	-1	4	8	1	2	3	36	36	0.929485	0.929485	0.929485	0	-0.43693	-2.38566	637637617
0	-1	4	8	1	1	3	48	48	0.971015	0.971015	0.971015	0	-0.448224	-2.62977	637633521
0	-1	4	9	1	1	1	48	48	0.896844	0.896844	0.896844	0	-0.285827	-2.08596	637568113
0	-1	4	9	1	1	3	48	48	0.892676	0.892676	0.892676	0	-0.446781	-2.08596	637633649
0	-1	4	10	1	1	1	60	60	0.832725	0.832725	0.832725	0	-0.281835	-1.7597	637568241
0	-1	4	10	1	1	3	60	60	0.956681	0.956681	0.956681	0	-0.440762	-1.7597	637633777
0	-1	4	10	1	2	1	60	60	0.952517	0.952517	0.952517	0	-0.281835	-1.38189	637572337
0	-1	4	10	1	2	3	60	60	0.967457	0.967457	0.967457	0	-0.440762	-1.38189	637637873
0	-1	4	11	1	1	1	48	48	0.961287	0.961287	0.961287	0	-0.285827	-1.05568	637568369
0	-1	4	11	1	1	3	48	48	0.942153	0.942153	0.942153	0	-0.446781	-1.05568	637633905
0	-1	4	12	1	1	1	36	36	0.962734	0.962734	0.962734	0	-0.279296	-0.755931	637568497
0	-1	4	12	1	2	1	48	48	0	0	0	48	-0.286785	-0.511819	637572593
0	-1	4	12	1	1	3	36	36	0.961219	0.961219	0.961219	0	-0.43693	-0.755931	637634033
0	-1	4	12	1	2	3	48	48	0	0	0	48	-0.448224	-0.511819	637638129
0	0	1	1	1	1	1	90	90	0.96278	0.96278	0.96278	0	0.152878	0.0906435	637566997
0	0	1	1	1	1	3	90	90	0.957552	0.957552	0.957552	0	-0.138943	0.0906435	637632533
0	0	1	1	2	1	1	84	84	0.967829	0.967829	0.967829	0	0.14123	0.0736394	637569045
0	0	1	1	2	1	3	84	84	0.944081	0.944081	0.944081	0	-0.128344	0.0736394	637634581
0	0	1	5	1	1	1	90	90	0.956967	0.956967	0.956967	0	0.152878	2.18504	637567509
0	0	1	5	1	1	3	90	90	0.960153	0.960153	0.960153	0	-0.138943	2.18504	637633045
0	0	1	5	2	1	1	84	84	0.970629	0.970629	0.970629	0	0.14123	2.16803	637569557
0	0	1	5	2	1	3	84	84	0.956151	0.956151	0.956151	0	-0.128344	2.16803	637635093
0	0	1	9	1	1	1	90	90	0.926502	0.926502	0.926502	0	0.152878	-2.00375	637568021
0	0	1	9	1	1	3	90	90	0.92619	0.92619	0.92619	0	-0.138943	-2.00375	637633557
0	0	1	9	2	1	1	84	84	0.932819	0.932819	0.932819	0	0.14123	-2.02076	637570069
0	0	1	9	2	1	3	84	84	0.961911	0.961911	0.961911	0	-0.128344	-2.02076	637635605
0	0	1	2	1	1	1	90	90	0.923246	0.923246	0.923246	0	-0.152878	0.614242	637567125
0	0	1	2	1	1	3	90	90	0.953251	0.953251	0.953251	0	0.138943	0.614242	637632661
0	0	1	2	2	1	1	84	84	0.969738	0.969738	0.969738	0	-0.14123	0.597238	637569173
0	0	1	2	2	1	3	84	84	0.977178	0.977178	0.977178	0	0.128344	0.597238	637634709
0	0	1	6	1	1	1	90	90	0.957716	0.957716	0.957716	0	-0.152878	2.70864	637567637
0	0	1	6	1	1	3	90	90	0.94382	0.94382	0.94382	0	0.138943	2.70864	637633173
0	0	1	6	2	1	1	84	84	0.957784	0.957784	0.957784	0	-0.14123	2.69163	637569685
0	0	1	6	2	1	3	84	84	0.962577	0.962577	0.962577	0	0.128344	2.69163	637635221
0	0	1	10	1	1	1	90	90	0.965865	0.965865	0.965865	0	-0.152878	-1.48015	637568149
0	0	1	10	1	1	3	90	90	0.950521	0.950521	0.950521	0	0.138943	-1.48015	637633685
0	0	1	10	2	1	1	84	84	0.969908	0.969908	0.969908	0	-0.14123	-1.49716	637570197
0	0	1	10	2	1	3	84	84	0.956253	0.956253	0.956253	0	0.128344	-1.49716	637635733
0	0	1	3	1	1	1	90	90	0.958022	0.958022	0.958022	0	-0.152878	1.13784	637567253
0	0	1	3	1	1	3	90	90	0.954442	0.954442	0.954442	0	0.138943	1.13784	637632789
0	0	1	3	2	1	1	84	84	0.964324	0.964324	0.964324	0	-0.14123	1.12084	637569301
0	0	1	3	2	1	3	84	84	0.970059	0.970059	0.970059	0	0.128344	1.12084	637634837
0	0	1	7	1	1	1	90	90	0.975228	0.975228	0.975228	0	-0.152878	-3.05095	637567765
0	0	1	7	1	1	3	90	90	0.959054	0.959054	0.959054	0	0.138943	-3.05095	637633301
0	0	1	7	2	1	1	84	84	0.96118	0.96118	0.96118	0	-0.14123	-3.06795	637569813
0	0	1	7	2	1	3	84	84	0.912715	0.912715	0.912715	0	0.128344	-3.06795	637635349
0	0	1	11	1	1	1	90	90	0.947724	0.947724	0.947724	0	-0.152878	-0.956554	637568277
0	0	1	11	1	1	3	90	90	0.931826	0.931826	0.931826	0	0.138943	-0.956554	637633813
0	0	1	11	2	1	1	84	84	0.957271	0.957271	0.957271	0	-0.14123	-0.973558	637570325
0	0	1	11	2	1	3	84	84	0.968929	0.968929	0.968929	0	0.128344	-0.973558	637635861
0	0	1	4	1	1	1	90	90	0.963847	0.963847	0.963847	0	0.152878	1.66144	637567381
0	0	1	4	1	1	3	90	90	0.961736	0.961736	0.961736	0	-0.138943	1.66144	637632917
0	0	1	4	2	1	1	84	84	0.962771	0.962771	0.962771	0	0.14123	1.64444	637569429
0	0	1	4	2	1	3	84	84	0.96495	0.96495	0.96495	0	-0.128344	1.64444	637634965
0	0	1	8	1	1	1	90	90	0.953678	0.953678	0.953678	0	0.152878	-2.52735	637567893
0	0	1	8	1	1	3	90	90	0.954566	0.954566	0.954566	0	-0.138943	-2.52735	637633429
0	0	1	8	2	1	1	84	84	0.971394	0.971394	0.971394	0	0.14123	-2.54435	637569941
0	0	1	8	2	1	3	84	84	0.971189	0.971189	0.971189	0	-0.128344	-2.54435	637635477
0	0	1	12	1	1	1	90	90	0.957076	0.957076	0.957076	0	0.152878	-0.432955	637568405
0	0	1	12	1	1	3	90	90	0.953756	0.953756	0.953756	0	-0.138943	-0.432955	637633941
0	0	1	12	2	1	1	84	84	0.972345	0.972345	0.972345	0	0.14123	-0.449959	637570453
0	0	1	12	2	1	3	84	84	0.972159	0.972159	0.972159	0	-0.128344	-0.449959	637635989
0	0	2	1	1	1	1	90	90	0.976238	0.976238	0.976238	0	0.168293	-0.0363495	637567029
0	0	2	1	1	1	2	90	90	0.958359	0.958359	0.958359	0	0.0100947	-0.0363495	637599797
0	0	2	1	1	1	3	90	90	0.980386	0.980386	0.980386	0	-0.156636	-0.0363495	637632565
0	0	2	1	2	1	1	84	84	0.973728	0.973728	0.973728	0	0.119926	-0.0352701	637569077
0	0	2	1	2	1	3	84	84	0.960418	0.960418	0.960418	0	-0.108967	-0.0352701	637634613
0	0	2	5	1	1	1	90	90	0.964777	0.964777	0.964777	0	0.168293	2.05805	637567541
0	0	2	5	1	1	2	90	90	0.967901	0.967901	0.967901	0	0.0100947	2.05805	637600309
0	0	2	5	1	1	3	90	90	0	0	0	90	-0.156636	2.05805	637633077
0	0	2	5	2	1	1	84	84	0.953625	0.953625	0.953625	0	0.119926	2.05912	637569589
0	0	2	5	2	1	3	84	84	0.948063	0.948063	0.948063	0	-0.108967	2.05912	637635125
0	0	2	9	1	1	1	90	90	0.972726	0.972726	0.972726	0	0.168293	-2.13074	637568053
0	0	2	9	1	1	2	90	90	0.960626	0.960626	0.960626	0	0.0100947	-2.13074	637600821
0	0	2	9	1	1	3	90	90	0.96986	0.96986	0.96986	0	-0.156636	-2.13074	637633589
0	0	2	9	2	1	1	84	84	0.954031	0.954031	0.954031	0	0.119926	-2.12967	637570101
0	0	2	9	2	1	3	84	84	0.951802	0.951802	0.951802	0	-0.108967	-2.12967	637635637
0	0	2	2	1	1	1	90	90	0.968075	0.968075	0.968075	0	-0.168293	0.487249	637567157
0	0	2	2	1	1	2	90	90	0.970006	0.970006	0.970006	0	-0.0100947	0.487249	637599925
0	0	2	2	1	1	3	90	90	0.966441	0.966441	0.966441	0	0.156636	0.487249	637632693
0	0	2	2	2	1	1	84	84	0.947689	0.947689	0.947689	0	-0.119926	0.488329	637569205
0	0	2	2	2	1	3	84	84	0.938613	0.938613	0.938613	0	0.108967	0.488329	637634741
0	0	2	6	1	1	1	90	90	0.975461	0.975461	0.975461	0	-0.168293	2.58164	637567669
0	0	2	6	1	1	2	90	90	0.970517	0.970517	0.970517	0	-0.0100947	2.58164	637600437
0	0	2	6	1	1	3	90	90	0.974907	0.974907	0.974907	0	0.156636	2.58164	637633205
0	0	2	6	2	1	1	84	84	0.968832	0.968832	0.968832	0	-0.119926	2.58272	637569717
0	0	2	6	2	1	3	84	84	0.96531	0.96531	0.96531	0	0.108967	2.58272	637635253
0	0	2	10	1	1	1	90	90	0.96814	0.96814	0.96814	0	-0.168293	-1.60715	637568181
0	0	2	10	1	1	2	90	90	0.965372	0.965372	0.965372	0	-0.0100947	-1.60715	637600949
0	0	2	10	1	1	3	90	90	0.969142	0.969142	0.969142	0	0.156636	-1.60715	637633717
0	0	2	10	2	1	1	84	84	0.957605	0.957605	0.957605	0	-0.119926	-1.60607	637570229
0	0	2	10	2	1	3	84	84	0.920267	0.920267	0.920267	0	0.108967	-1.60607	637635765
0	0	2	3	1	1	1	90	90	0.872466	0.872466	0.872466	0	-0.168293	1.01085	637567285
0	0	2	3	1	1	2	90	90	0.976878	0.976878	0.976878	0	-0.0100947	1.01085	637600053
0	0	2	3	1	1	3	90	90	0.859883	0.859883	0.859883	0	0.156636	1.01085	637632821
0	0	2	3	2	1	1	84	84	0.962769	0.962769	0.962769	0	-0.119926	1.01193	637569333
0	0	2	3	2	1	3	84	84	0.876823	0.876823	0.876823	0	0.108967	1.01193	637634869
0	0	2	7	1	1	1	90	90	0.975755	0.975755	0.975755	0	-0.168293	3.10524	637567797
0	0	2	7	1	1	2	90	90	0.961139	0.961139	0.961139	0	-0.0100947	3.10524	637600565
0	0	2	7	1	1	3	90	90	0.976481	0.976481	0.976481	0	0.156636	3.10524	637633333
0	0	2	7	2	1	1	84	84	0.646422	0.646422	0.646422	0	-0.119926	3.10632	637569845
0	0	2	7	2	1	3	84	84	0.968059	0.968059	0.968059	0	0.108967	3.10632	637635381
0	0	2	11	1	1	1	90	90	0	0	0	90	-0.168293	-1.08355	637568309
0	0	2	11	1	1	2	90	90	0	0	0	90	-0.0100947	-1.08355	637601077
0	0	2	11	1	1	3	90	90	0.976435	0.976435	0.976435	0	0.156636	-1.08355	637633845
0	0	2	11	2	1	1	84	84	0.925013	0.925013	0.925013	0	-0.119926	-1.08247	637570357
0	0	2	11	2	1	3	84	84	0.949402	0.949402	0.949402	0	0.108967	-1.08247	637635893
0	0	2	4	1	1	1	90	90	0.973887	0.973887	0.973887	0	0.168293	1.53445	637567413
0	0	2	4	1	1	2	90	90	0.954044	0.954044	0.954044	0	0.0100947	1.53445	637600181
0	0	2	4	1	1	3	90	90	0.957956	0.957956	0.957956	0	-0.156636	1.53445	637632949
0	0	2	4	2	1	1	84	84	0.938595	0.938595	0.938595	0	0.119926	1.53553	637569461
0	0	2	4	2	1	3	84	84	0.964829	0.964829	0.964829	0	-0.108967	1.53553	637634997
0	0	2	8	1	1	1	90	90	0.964944	0.964944	0.964944	0	0.168293	-2.65434	637567925
0	0	2	8	1	1	2	90	90	0.95164	0.95164	0.95164	0	0.0100947	-2.65434	637600693
0	0	2	8	1	1	3	90	90	0.974482	0.974482	0.974482	0	-0.156636	-2.65434	637633461
0	0	2	8	2	1	1	84	84	0.967627	0.967627	0.967627	0	0.119926	-2.65326	637569973
0	0	2	8	2	1	3	84	84	0.854813	0.854813	0.854813	0	-0.108967	-2.65326	637635509
0	0	2	12	1	1	1	90	90	0.957393	0.957393	0.957393	0	0.168293	-0.559948	637568437
0	0	2	12	1	1	2	90	90	0.950374	0.950374	0.950374	0	0.0100947	-0.559948	637601205
0	0	2	12	1	1	3	90	90	0.971853	0.971853	0.971853	0	-0.156636	-0.559948	637633973
0	0	2	12	2	1	1	84	84	0	0	0	84	0.119926	-0.558869	637570485
0	0	2	12	2	1	3	84	84	0	0	0	84	-0.108967	-0.558869	637636021
0	0	3	1	1	1	1	42	42	0.96099	0.96099	0.96099	0	0.105212	-0.0937211	637567061
0	0	3	1	1	2	1	42	42	0.958839	0.958839	0.958839	0	0.10443	0.153885	637571157
0	0	3	1	1	1	3	42	42	0.968329	0.968329	0.968329	0	-0.0955878	-0.0937211	637632597
0	0	3	1	1	2	3	42	42	0.979475	0.979475	0.979475	0	-0.0948768	0.153885	637636693
0	0	3	5	1	1	1	42	42	0.967947	0.967947	0.967947	0	0.105212	2.00067	637567573
0	0	3	5	1	2	1	42	42	0.957486	0.957486	0.957486	0	0.10443	2.24828	637571669
0	0	3	5	1	1	3	42	42	0.625377	0.625377	0.625377	0	-0.0955878	2.00067	637633109
0	0	3	5	1	2	3	42	42	0.953927	0.953927	0.953927	0	-0.0948768	2.24828	637637205
0	0	3	9	1	1	1	42	42	0.952092	0.952092	0.952092	0	0.105212	-2.18812	637568085
0	0	3	9	1	2	1	42	42	0.957582	0.957582	0.957582	0	0.10443	-1.94051	637572181
0	0	3	9	1	1	3	42	42	0.967165	0.967165	0.967165	0	-0.0955878	-2.18812	637633621
0	0	3	9	1	2	3	42	42	0.96324	0.96324	0.96324	0	-0.0948768	-1.94051	637637717
0	0	3	2	1	1	1	42	42	0.958661	0.958661	0.958661	0	-0.105212	0.429878	637567189
0	0	3	2	1	2	1	42	42	0.957138	0.957138	0.957138	0	-0.10443	0.677483	637571285
0	0	3	2	1	1	3	42	42	0.918138	0.918138	0.918138	0	0.0955878	0.429878	637632725
0	0	3	2	1	2	3	42	42	0.951649	0.951649	0.951649	0	0.0948768	0.677483	637636821
0	0	3	6	1	1	1	42	42	0.962011	0.962011	0.962011	0	-0.105212	2.52427	637567701
0	0	3	6	1	2	1	42	42	0.966409	0.966409	0.966409	0	-0.10443	2.77188	637571797
0	0	3	6	1	1	3	42	42	0.949549	0.949549	0.949549	0	0.0955878	2.52427	637633237
0	0	3	6	1	2	3	42	42	0.962025	0.962025	0.962025	0	0.0948768	2.77188	637637333
0	0	3	10	1	1	1	42	42	0.72419	0.72419	0.72419	0	-0.105212	-1.66452	637568213
0	0	3	10	1	2	1	42	42	0.963801	0.963801	0.963801	0	-0.10443	-1.41691	637572309
0	0	3	10	1	1	3	42	42	0.968325	0.968325	0.968325	0	0.0955878	-1.66452	637633749
0	0	3	10	1	2	3	42	42	0.953571	0.953571	0.953571	0	0.0948768	-1.41691	637637845
0	0	3	3	1	1	1	42	42	0.972387	0.972387	0.972387	0	-0.105212	0.953476	637567317
0	0	3	3	1	2	1	42	42	0.976546	0.976546	0.976546	0	-0.10443	1.20108	637571413
0	0	3	3	1	1	3	42	42	0.444769	0.444769	0.444769	0	0.0955878	0.953476	637632853
0	0	3	3	1	2	3	42	42	0.975033	0.975033	0.975033	0	0.0948768	1.20108	637636949
0	0	3	7	1	1	1	42	42	0.969588	0.969588	0.969588	0	-0.105212	3.04787	637567829
0	0	3	7	1	2	1	42	42	0.961499	0.961499	0.961499	0	-0.10443	-2.98771	637571925
0	0	3	7	1	1	3	42	42	0.941464	0.941464	0.941464	0	0.0955878	3.04787	637633365
0	0	3	7	1	2	3	42	42	0.9809	0.9809	0.9809	0	0.0948768	-2.98771	637637461
0	0	3	11	1	1	1	42	42	0.969878	0.969878	0.969878	0	-0.105212	-1.14092	637568341
0	0	3	11	1	2	1	42	42	0.970199	0.970199	0.970199	0	-0.10443	-0.893313	637572437
0	0	3	11	1	1	3	42	42	0.70418	0.70418	0.70418	0	0.0955878	-1.14092	637633877
0	0	3	11	1	2	3	42	42	0.95513	0.95513	0.95513	0	0.0948768	-0.893313	637637973
0	0	3	4	1	1	1	42	42	0.961436	0.961436	0.961436	0	0.105212	1.47708	637567445
0	0	3	4	1	2	1	42	42	0.968808	0.968808	0.968808	0	0.10443	1.72468	637571541
0	0	3	4	1	1	3	42	42	0.937524	0.937524	0.937524	0	-0.0955878	1.47708	637632981
0	0	3	4	1	2	3	42	42	0.966502	0.966502	0.966502	0	-0.0948768	1.72468	637637077
0	0	3	8	1	1	1	42	42	0.948098	0.948098	0.948098	0	0.105212	-2.71171	637567957
0	0	3	8	1	2	1	42	42	0.974418	0.974418	0.974418	0	0.10443	-2.46411	637572053
0	0	3	8	1	1	3	42	42	0.949318	0.949318	0.949318	0	-0.0955878	-2.71171	637633493
0	0	3	8	1	2	3	42	42	0.973679	0.973679	0.973679	0	-0.0948768	-2.46411	637637589
0	0	3	12	1	1	1	42	42	0.950083	0.950083	0.950083	0	0.105212	-0.61732	637568469
0	0	3	12	1	2	1	42	42	0.957229	0.957229	0.957229	0	0.10443	-0.369714	637572565
0	0	3	12	1	1	3	42	42	0.966522	0.966522	0.966522	0	-0.0955878	-0.61732	637634005
0	0	3	12	1	2	3	42	42	0.979902	0.979902	0.979902	0	-0.0948768	-0.369714	637638101
0	0	4	1	1	1	1	48	48	0.967196	0.967196	0.967196	0	0.0871986	-0.265657	637567093
0	0	4	1	1	2	1	48	48	0.9668	0.9668	0.9668	0	0.090354	0.01178	637571189
0	0	4	1	1	1	3	48	48	0.947914	0.947914	0.947914	0	-0.0792144	-0.265657	637632629
0	0	4	1	1	2	3	48	48	0.944493	0.944493	0.944493	0	-0.0820822	0.01178	637636725
0	0	4	2	1	1	1	48	48	0.948891	0.948891	0.948891	0	-0.0871986	0.257941	637567221
0	0	4	2	1	2	1	48	48	0.957923	0.957923	0.957923	0	-0.090354	0.535379	637571317
0	0	4	2	1	1	3	48	48	0.929534	0.929534	0.929534	0	0.0792144	0.257941	637632757
0	0	4	2	1	2	3	48	48	0.955736	0.955736	0.955736	0	0.0820822	0.535379	637636853
0	0	4	3	1	1	1	48	48	0.933681	0.933681	0.933681	0	-0.0871986	0.78154	637567349
0	0	4	3	1	2	1	48	48	0.962448	0.962448	0.962448	0	-0.090354	1.05898	637571445
0	0	4	3	1	1	3	48	48	0.863123	0.863123	0.863123	0	0.0792144	0.78154	637632885
0	0	4	3	1	2	3	48	48	0.954995	0.954995	0.954995	0	0.0820822	1.05898	637636981
0	0	4	4	1	1	1	36	36	0.950372	0.950372	0.950372	0	0.0857021	1.2479	637567477
0	0	4	4	1	2	1	36	36	0.957369	0.957369	0.957369	0	0.0897001	1.44968	637571573
0	0	4	4	1	1	3	36	36	0.962497	0.962497	0.962497	0	-0.0778543	1.2479	637633013
0	0	4	4	1	2	3	36	36	0.968667	0.968667	0.968667	0	-0.0814879	1.44968	637637109
0	0	4	4	1	3	1	36	36	0.954593	0.954593	0.954593	0	0.0897001	1.69191	637575669
0	0	4	4	1	4	1	36	36	0.957094	0.957094	0.957094	0	0.0857021	1.8937	637579765
0	0	4	4	1	3	3	36	36	0.926027	0.926027	0.926027	0	-0.0814879	1.69191	637641205
0	0	4	4	1	4	3	36	36	0.948602	0.948602	0.948602	0	-0.0778543	1.8937	637645301
0	0	4	5	1	1	1	48	48	0.924617	0.924617	0.924617	0	0.090354	2.08261	637567605
0	0	4	5	1	2	1	48	48	0.959493	0.959493	0.959493	0	0.0871986	2.36005	637571701
0	0	4	5	1	1	3	48	48	0.94308	0.94308	0.94308	0	-0.0820822	2.08261	637633141
0	0	4	5	1	2	3	48	48	0.939843	0.939843	0.939843	0	-0.0792144	2.36005	637637237
0	0	4	6	1	1	1	48	48	0.962755	0.962755	0.962755	0	-0.090354	2.60621	637567733
0	0	4	6	1	2	1	48	48	0.939039	0.939039	0.939039	0	-0.0871986	2.88365	637571829
0	0	4	6	1	1	3	48	48	0.959944	0.959944	0.959944	0	0.0820822	2.60621	637633269
0	0	4	6	1	2	3	48	48	0.932246	0.932246	0.932246	0	0.0792144	2.88365	637637365
0	0	4	7	1	1	1	48	48	0.977052	0.977052	0.977052	0	-0.090354	3.12981	637567861
0	0	4	7	1	2	1	48	48	0.96838	0.96838	0.96838	0	-0.0871986	-2.87594	637571957
0	0	4	7	1	1	3	48	48	0.63929	0.63929	0.63929	0	0.0820822	3.12981	637633397
0	0	4	7	1	2	3	48	48	0.95743	0.95743	0.95743	0	0.0792144	-2.87594	637637493
0	0	4	8	1	2	1	36	36	0.939127	0.939127	0.939127	0	0.0879388	-2.38566	637572085
0	0	4	8	1	1	1	48	48	0.965725	0.965725	0.965725	0	0.090354	-2.62977	637567989
0	0	4	8	1	2	3	36	36	0.937317	0.937317	0.937317	0	-0.0798871	-2.38566	637637621
0	0	4	8	1	1	3	48	48	0.977105	0.977105	0.977105	0	-0.0820822	-2.62977	637633525
0	0	4	9	1	1	1	48	48	0.93197	0.93197	0.93197	0	0.0900448	-2.08596	637568117
0	0	4	9	1	1	3	48	48	0.791352	0.791352	0.791352	0	-0.0818012	-2.08596	637633653
0	0	4	10	1	1	1	60	60	0.956876	0.956876	0.956876	0	-0.088757	-1.7597	637568245
0	0	4	10	1	1	3	60	60	0.953261	0.953261	0.953261	0	0.0806308	-1.7597	637633781
0	0	4	10	1	2	1	60	60	0.964267	0.964267	0.964267	0	-0.088757	-1.38189	637572341
0	0	4	10	1	2	3	60	60	0.96625	0.96625	0.96625	0	0.0806308	-1.38189	637637877
0	0	4	11	1	1	1	48	48	0.962711	0.962711	0.962711	0	-0.0900448	-1.05564	637568373
0	0	4	11	1	1	3	48	48	0.973076	0.973076	0.973076	0	0.0818012	-1.05564	637633909
0	0	4	12	1	1	1	36	36	0.965394	0.965394	0.965394	0	0.0879388	-0.755931	637568501
0	0	4	12	1	2	1	48	48	0.972916	0.972916	0.972916	0	0.090354	-0.511819	637572597
0	0	4	12	1	1	3	36	36	0.958199	0.958199	0.958199	0	-0.0798871	-0.755931	637634037
0	0	4	12	1	2	3	48	48	0.959762	0.959762	0.959762	0	-0.0820822	-0.511819	637638133
0	1	1	1	1	1	1	90	90	0.946675	0.946675	0.946675	0	0.475088	0.0906435	637567001
0	1	1	1	1	1	3	90	90	0.965258	0.965258	0.965258	0	0.72172	0.0906435	637632537
0	1	1	1	2	1	1	84	84	0.836198	0.836198	0.836198	0	0.440905	0.0736394	637569049
0	1	1	1	2	1	3	84	84	0.968405	0.968405	0.968405	0	0.673615	0.0736394	637634585
0	1	1	2	1	1	1	90	90	0.914698	0.914698	0.914698	0	0.475088	0.614242	637567129
0	1	1	2	1	1	3	90	90	0.965072	0.965072	0.965072	0	0.72172	0.614242	637632665
0	1	1	2	2	1	1	84	84	0.93038	0.93038	0.93038	0	0.440905	0.597238	637569177
0	1	1	2	2	1	3	84	84	0.96509	0.96509	0.96509	0	0.673615	0.597238	637634713
0	1	1	3	1	1	1	90	90	0.939371	0.939371	0.939371	0	0.475088	1.13784	637567257
0	1	1	3	1	1	3	90	90	0.967188	0.967188	0.967188	0	0.72172	1.13784	637632793
0	1	1	3	2	1	1	84	84	0.957453	0.957453	0.957453	0	0.440905	1.12084	637569305
0	1	1	3	2	1	3	84	84	0.979224	0.979224	0.979224	0	0.673615	1.12084	637634841
0	1	1	4	1	1	1	90	90	0.940038	0.940038	0.940038	0	0.537345	1.66144	637567385
0	1	1	4	1	1	3	90	90	0.968263	0.968263	0.968263	0	0.740069	1.66144	637632921
0	1	1	4	2	1	1	84	84	0.959268	0.959268	0.959268	0	0.499334	1.64444	637569433
0	1	1	4	2	1	3	84	84	0.970474	0.970474	0.970474	0	0.691064	1.64444	637634969
0	1	1	5	1	1	1	90	90	0.959886	0.959886	0.959886	0	0.475088	2.18504	637567513
0	1	1	5	1	1	3	90	90	0.961862	0.961862	0.961862	0	0.72172	2.18504	637633049
0	1	1	5	2	1	1	84	84	0.964684	0.964684	0.964684	0	0.440905	2.16803	637569561
0	1	1	5	2	1	3	84	84	0.975617	0.975617	0.975617	0	0.673615	2.16803	637635097
0	1	1	6	1	1	1	90	90	0.947763	0.947763	0.947763	0	0.475088	2.70864	637567641
0	1	1	6	1	1	3	90	90	0.963921	0.963921	0.963921	0	0.72172	2.70864	637633177
0	1	1	6	2	1	1	84	84	0.956525	0.956525	0.956525	0	0.440905	2.69163	637569689
0	1	1	6	2	1	3	84	84	0.979745	0.979745	0.979745	0	0.673615	2.69163	637635225
0	1	1	7	1	1	1	90	90	0.968371	0.968371	0.968371	0	0.475088	-3.05095	637567769
0	1	1	7	1	1	3	90	90	0.983497	0.983497	0.983497	0	0.72172	-3.05095	637633305
0	1	1	7	2	1	1	84	84	0.951586	0.951586	0.951586	0	0.440905	-3.06795	637569817
0	1	1	7	2	1	3	84	84	0.975479	0.975479	0.975479	0	0.673615	-3.06795	637635353
0	1	1	8	1	1	1	90	90	0.954499	0.954499	0.954499	0	0.475088	-2.52735	637567897
0	1	1	8	1	1	3	90	90	0.98112	0.98112	0.98112	0	0.72172	-2.52735	637633433
0	1	1	8	2	1	1	84	84	0.970099	0.970099	0.970099	0	0.440905	-2.54435	637569945
0	1	1	8	2	1	3	84	84	0.984909	0.984909	0.984909	0	0.673615	-2.54435	637635481
0	1	1	9	1	1	1	90	90	0.94396	0.94396	0.94396	0	0.475088	-2.00375	637568025
0	1	1	9	1	1	3	90	90	0.97946	0.97946	0.97946	0	0.72172	-2.00375	637633561
0	1	1	9	2	1	1	84	84	0.361752	0.361752	0.361752	0	0.440905	-2.02076	637570073
0	1	1	9	2	1	3	84	84	0.980955	0.980955	0.980955	0	0.673615	-2.02076	637635609
0	1	1	10	1	1	1	90	90	0.960762	0.960762	0.960762	0	0.475088	-1.48015	637568153
0	1	1	10	1	1	3	90	90	0.974567	0.974567	0.974567	0	0.72172	-1.48015	637633689
0	1	1	10	2	1	1	84	84	0.974465	0.974465	0.974465	0	0.440905	-1.49716	637570201
0	1	1	10	2	1	3	84	84	0.978982	0.978982	0.978982	0	0.673615	-1.49716	637635737
0	1	1	11	1	1	1	90	90	0.955394	0.955394	0.955394	0	0.475088	-0.956554	637568281
0	1	1	11	1	1	3	90	90	0.967733	0.967733	0.967733	0	0.72172	-0.956554	637633817
0	1	1	11	2	1	1	84	84	0.857084	0.857084	0.857084	0	0.440905	-0.973558	637570329
0	1	1	11	2	1	3	84	84	0.986649	0.986649	0.986649	0	0.673615	-0.973558	637635865
0	1	1	12	1	1	1	90	90	0.820484	0.820484	0.820484	0	0.475088	-0.432955	637568409
0	1	1	12	1	1	3	90	90	0.968823	0.968823	0.968823	0	0.72172	-0.432955	637633945
0	1	1	12	2	1	1	84	84	0.957199	0.957199	0.957199	0	0.440905	-0.449959	637570457
0	1	1	12	2	1	3	84	84	0.946401	0.946401	0.946401	0	0.673615	-0.449959	637635993
0	1	2	1	1	1	1	90	90	0.977136	0.977136	0.977136	0	0.365045	-0.0363495	637567033
0	1	2	1	1	1	2	90	90	0.958629	0.958629	0.958629	0	0.509826	-0.0363495	637599801
0	1	2	1	1	1	3	90	90	0.978457	0.978457	0.978457	0	0.652317	-0.0363495	637632569
0	1	2	1	2	1	1	84	84	0.947464	0.947464	0.947464	0	0.377274	-0.0352701	637569081
0	1	2	1	2	1	3	84	84	0.971692	0.971692	0.971692	0	0.582227	-0.0352701	637634617
0	1	2	2	1	1	1	90	90	0.977394	0.977394	0.977394	0	0.365045	0.487249	637567161
0	1	2	2	1	1	2	90	90	0.967961	0.967961	0.967961	0	0.509826	0.487249	637599929
0	1	2	2	1	1	3	90	90	0.985344	0.985344	0.985344	0	0.652317	0.487249	637632697
0	1	2	2	2	1	1	84	84	0.947706	0.947706	0.947706	0	0.377273	0.488329	637569209
0	1	2	2	2	1	3	84	84	0.969767	0.969767	0.969767	0	0.582227	0.488329	637634745
0	1	2	3	1	1	1	90	90	0.953077	0.953077	0.953077	0	0.365045	1.01085	637567289
0	1	2	3	1	1	2	90	90	0.953912	0.953912	0.953912	0	0.509826	1.01085	637600057
0	1	2	3	1	1	3	90	90	0.971615	0.971615	0.971615	0	0.652317	1.01085	637632825
0	1	2	3	2	1	1	84	84	0.449022	0.449022	0.449022	0	0.377273	1.01193	637569337
0	1	2	3	2	1	3	84	84	0.933933	0.933933	0.933933	0	0.582227	1.01193	637634873
0	1	2	4	1	1	1	90	90	0.962784	0.962784	0.962784	0	0.41982	1.53445	637567417
0	1	2	4	1	1	2	90	90	0.974722	0.974722	0.974722	0	0.544294	1.53445	637600185
0	1	2	4	1	1	3	90	90	0.976811	0.976811	0.976811	0	0.668372	1.53445	637632953
0	1	2	4	2	1	1	84	84	0.942768	0.942768	0.942768	0	0.428235	1.53553	637569465
0	1	2	4	2	1	3	84	84	0.95296	0.95296	0.95296	0	0.597819	1.53553	637635001
0	1	2	5	1	1	1	90	90	0.965276	0.965276	0.965276	0	0.365045	2.05805	637567545
0	1	2	5	1	1	2	90	90	0.973969	0.973969	0.973969	0	0.509826	2.05805	637600313
0	1	2	5	1	1	3	90	90	0.969524	0.969524	0.969524	0	0.652317	2.05805	637633081
0	1	2	5	2	1	1	84	84	0.959851	0.959851	0.959851	0	0.377273	2.05912	637569593
0	1	2	5	2	1	3	84	84	0.957411	0.957411	0.957411	0	0.582227	2.05912	637635129
0	1	2	6	1	1	1	90	90	0.965225	0.965225	0.965225	0	0.365045	2.58164	637567673
0	1	2	6	1	1	2	90	90	0.965892	0.965892	0.965892	0	0.509826	2.58164	637600441
0	1	2	6	1	1	3	90	90	0.965541	0.965541	0.965541	0	0.652317	2.58164	637633209
0	1	2	6	2	1	1	84	84	0.955384	0.955384	0.955384	0	0.377273	2.58272	637569721
0	1	2	6	2	1	3	84	84	0.967651	0.967651	0.967651	0	0.582227	2.58272	637635257
0	1	2	7	1	1	1	90	90	0.963808	0.963808	0.963808	0	0.365045	3.10524	637567801
0	1	2	7	1	1	2	90	90	0.966757	0.966757	0.966757	0	0.509826	3.10524	637600569
0	1	2	7	1	1	3	90	90	0.980143	0.980143	0.980143	0	0.652317	3.10524	637633337
0	1	2	7	2	1	1	84	84	0.925464	0.925464	0.925464	0	0.377274	3.10632	637569849
0	1	2	7	2	1	3	84	84	0.97546	0.97546	0.97546	0	0.582227	3.10632	637635385
0	1	2	8	1	1	1	90	90	0.969079	0.969079	0.969079	0	0.365045	-2.65434	637567929
0	1	2	8	1	1	2	90	90	0.973165	0.973165	0.973165	0	0.509826	-2.65434	637600697
0	1	2	8	1	1	3	90	90	0.97929	0.97929	0.97929	0	0.652317	-2.65434	637633465
0	1	2	8	2	1	1	84	84	0.970078	0.970078	0.970078	0	0.377273	-2.65326	637569977
0	1	2	8	2	1	3	84	84	0.958495	0.958495	0.958495	0	0.582227	-2.65326	637635513
0	1	2	9	1	1	1	90	90	0.960307	0.960307	0.960307	0	0.365045	-2.13074	637568057
0	1	2	9	1	1	2	90	90	0.971492	0.971492	0.971492	0	0.509826	-2.13074	637600825
0	1	2	9	1	1	3	90	90	0.98524	0.98524	0.98524	0	0.652317	-2.13074	637633593
0	1	2	9	2	1	1	84	84	0.954956	0.954956	0.954956	0	0.377273	-2.12967	637570105
0	1	2	9	2	1	3	84	84	0.97493	0.97493	0.97493	0	0.582227	-2.12967	637635641
0	1	2	10	1	1	1	90	90	0.965348	0.965348	0.965348	0	0.365045	-1.60715	637568185
0	1	2	10	1	1	2	90	90	0.971598	0.971598	0.971598	0	0.509826	-1.60715	637600953
0	1	2	10	1	1	3	90	90	0.975727	0.975727	0.975727	0	0.652317	-1.60715	637633721
0	1	2	10	2	1	1	84	84	0.971311	0.971311	0.971311	0	0.377274	-1.60607	637570233
0	1	2	10	2	1	3	84	84	0.955753	0.955753	0.955753	0	0.582227	-1.60607	637635769
0	1	2	11	1	1	1	90	90	0.956337	0.956337	0.956337	0	0.365045	-1.08355	637568313
0	1	2	11	1	1	2	90	90	0.973927	0.973927	0.973927	0	0.509826	-1.08355	637601081
0	1	2	11	1	1	3	90	90	0.980074	0.980074	0.980074	0	0.652317	-1.08355	637633849
0	1	2	11	2	1	1	84	84	0.967918	0.967918	0.967918	0	0.377273	-1.08247	637570361
0	1	2	11	2	1	3	84	84	0.963336	0.963336	0.963336	0	0.582227	-1.08247	637635897
0	1	2	12	1	1	1	90	90	0.963205	0.963205	0.963205	0	0.365045	-0.559948	637568441
0	1	2	12	1	1	2	90	90	0.885308	0.885308	0.885308	0	0.509826	-0.559948	637601209
0	1	2	12	1	1	3	90	90	0.977922	0.977922	0.977922	0	0.652317	-0.559948	637633977
0	1	2	12	2	1	1	84	84	0.866535	0.866535	0.866535	0	0.377273	-0.558869	637570489
0	1	2	12	2	1	3	84	84	0.881897	0.881897	0.881897	0	0.582227	-0.558869	637636025
0	1	3	1	1	1	1	42	42	0.953004	0.953004	0.953004	0	0.332542	-0.0937211	637567065
0	1	3	1	1	2	1	42	42	0.957589	0.957589	0.957589	0	0.330147	0.153885	637571161
0	1	3	1	1	1	3	42	42	0.975039	0.975039	0.975039	0	0.516563	-0.0937211	637632601
0	1	3	1	1	2	3	42	42	0.966901	0.966901	0.966901	0	0.513015	0.153885	637636697
0	1	3	2	1	1	1	42	42	0.948112	0.948112	0.948112	0	0.332542	0.429878	637567193
0	1	3	2	1	2	1	42	42	0.966397	0.966397	0.966397	0	0.330147	0.677483	637571289
0	1	3	2	1	1	3	42	42	0.971506	0.971506	0.971506	0	0.516563	0.429878	637632729
0	1	3	2	1	2	3	42	42	0.977993	0.977993	0.977993	0	0.513015	0.677483	637636825
0	1	3	3	1	1	1	42	42	0.957111	0.957111	0.957111	0	0.332542	0.953476	637567321
0	1	3	3	1	2	1	42	42	0.96011	0.96011	0.96011	0	0.330147	1.20108	637571417
0	1	3	3	1	1	3	42	42	0.959469	0.959469	0.959469	0	0.516563	0.953476	637632857
0	1	3	3	1	2	3	42	42	0.964503	0.964503	0.964503	0	0.513015	1.20108	637636953
0	1	3	4	1	1	1	42	42	0.799284	0.799284	0.799284	0	0.378001	1.47708	637567449
0	1	3	4	1	2	1	42	42	0.957649	0.957649	0.957649	0	0.375307	1.72468	637571545
0	1	3	4	1	1	3	42	42	0.797444	0.797444	0.797444	0	0.530701	1.47708	637632985
0	1	3	4	1	2	3	42	42	0.972424	0.972424	0.972424	0	0.527072	1.72468	637637081
0	1	3	5	1	1	1	42	42	0.950237	0.950237	0.950237	0	0.332542	2.00067	637567577
0	1	3	5	1	2	1	42	42	0.9261	0.9261	0.9261	0	0.330147	2.24828	637571673
0	1	3	5	1	1	3	42	42	0.974163	0.974163	0.974163	0	0.516563	2.00067	637633113
0	1	3	5	1	2	3	42	42	0.98816	0.98816	0.98816	0	0.513015	2.24828	637637209
0	1	3	6	1	1	1	42	42	0.965943	0.965943	0.965943	0	0.332542	2.52427	637567705
0	1	3	6	1	2	1	42	42	0.961567	0.961567	0.961567	0	0.330147	2.77188	637571801
0	1	3	6	1	1	3	42	42	0.858516	0.858516	0.858516	0	0.516563	2.52427	637633241
0	1	3	6	1	2	3	42	42	0.871966	0.871966	0.871966	0	0.513015	2.77188	637637337
0	1	3	7	1	1	1	42	42	0.93349	0.93349	0.93349	0	0.332542	3.04787	637567833
0	1	3	7	1	2	1	42	42	0.972525	0.972525	0.972525	0	0.330147	-2.98771	637571929
0	1	3	7	1	1	3	42	42	0.952619	0.952619	0.952619	0	0.516563	3.04787	637633369
0	1	3	7	1	2	3	42	42	0.956068	0.956068	0.956068	0	0.513015	-2.98771	637637465
0	1	3	8	1	1	1	42	42	0.973492	0.973492	0.973492	0	0.332542	-2.71171	637567961
0	1	3	8	1	2	1	42	42	0.958001	0.958001	0.958001	0	0.330147	-2.46411	637572057
0	1	3	8	1	1	3	42	42	0.965741	0.965741	0.965741	0	0.516563	-2.71171	637633497
0	1	3	8	1	2	3	42	42	0.974973	0.974973	0.974973	0	0.513015	-2.46411	637637593
0	1	3	9	1	1	1	42	42	0.963544	0.963544	0.963544	0	0.332542	-2.18812	637568089
0	1	3	9	1	2	1	42	42	0.787591	0.787591	0.787591	0	0.330147	-1.94051	637572185
0	1	3	9	1	1	3	42	42	0.704247	0.704247	0.704247	0	0.516563	-2.18812	637633625
0	1	3	9	1	2	3	42	42	0.973331	0.973331	0.973331	0	0.513015	-1.94051	637637721
0	1	3	10	1	1	1	42	42	0.911094	0.911094	0.911094	0	0.332542	-1.66452	637568217
0	1	3	10	1	2	1	42	42	0.958097	0.958097	0.958097	0	0.330147	-1.41691	637572313
0	1	3	10	1	1	3	42	42	0.982043	0.982043	0.982043	0	0.516563	-1.66452	637633753
0	1	3	10	1	2	3	42	42	0.968241	0.968241	0.968241	0	0.513015	-1.41691	637637849
0	1	3	11	1	1	1	42	42	0.946939	0.946939	0.946939	0	0.332542	-1.14092	637568345
0	1	3	11	1	2	1	42	42	0.976272	0.976272	0.976272	0	0.330147	-0.893313	637572441
0	1	3	11	1	1	3	42	42	0.956229	0.956229	0.956229	0	0.516563	-1.14092	637633881
0	1	3	11	1	2	3	42	42	0.97698	0.97698	0.97698	0	0.513015	-0.893313	637637977
0	1	3	12	1	1	1	42	42	0.9459	0.9459	0.9459	0	0.332542	-0.61732	637568473
0	1	3	12	1	2	1	42	42	0.936829	0.936829	0.936829	0	0.330147	-0.369714	637572569
0	1	3	12	1	1	3	42	42	0.903531	0.903531	0.903531	0	0.516563	-0.61732	637634009
0	1	3	12	1	2	3	42	42	0.906754	0.906754	0.906754	0	0.513015	-0.369714	637638105
0	1	4	1	1	1	1	48	48	0.890177	0.890177	0.890177	0	0.276998	-0.265657	637567097
0	1	4	1	1	2	1	48	48	0.934178	0.934178	0.934178	0	0.286785	0.01178	637571193
0	1	4	1	1	1	3	48	48	0.654995	0.654995	0.654995	0	0.433458	-0.265657	637632633
0	1	4	1	1	2	3	48	48	0.947388	0.947388	0.947388	0	0.448224	0.01178	637636729
0	1	4	2	1	1	1	48	48	0.924239	0.924239	0.924239	0	0.276998	0.257941	637567225
0	1	4	2	1	2	1	48	48	0.95187	0.95187	0.95187	0	0.286785	0.535379	637571321
0	1	4	2	1	1	3	48	48	0.92856	0.92856	0.92856	0	0.433458	0.257941	637632761
0	1	4	2	1	2	3	48	48	0.968061	0.968061	0.968061	0	0.448224	0.535379	637636857
0	1	4	3	1	1	1	48	48	0.951665	0.951665	0.951665	0	0.276998	0.78154	637567353
0	1	4	3	1	2	1	48	48	0.919924	0.919924	0.919924	0	0.286785	1.05898	637571449
0	1	4	3	1	1	3	48	48	0.974227	0.974227	0.974227	0	0.433458	0.78154	637632889
0	1	4	3	1	2	3	48	48	0.965698	0.965698	0.965698	0	0.448224	1.05898	637636985
0	1	4	4	1	1	1	36	36	0.951977	0.951977	0.951977	0	0.310103	1.2479	637567481
0	1	4	4	1	2	1	36	36	0.897308	0.897308	0.897308	0	0.324129	1.44968	637571577
0	1	4	4	1	1	3	36	36	0.964783	0.964783	0.964783	0	0.438411	1.2479	637633017
0	1	4	4	1	2	3	36	36	0.957387	0.957387	0.957387	0	0.457619	1.44968	637637113
0	1	4	4	1	3	1	36	36	0.85867	0.85867	0.85867	0	0.324129	1.69191	637575673
0	1	4	4	1	4	1	36	36	0.970782	0.970782	0.970782	0	0.310103	1.8937	637579769
0	1	4	4	1	3	3	36	36	0.874587	0.874587	0.874587	0	0.457619	1.69191	637641209
0	1	4	4	1	4	3	36	36	0.933172	0.933172	0.933172	0	0.438411	1.8937	637645305
0	1	4	5	1	1	1	48	48	0.945442	0.945442	0.945442	0	0.286785	2.08261	637567609
0	1	4	5	1	2	1	48	48	0.932927	0.932927	0.932927	0	0.276998	2.36005	637571705
0	1	4	5	1	1	3	48	48	0.965797	0.965797	0.965797	0	0.448224	2.08261	637633145
0	1	4	5	1	2	3	48	48	0.968723	0.968723	0.968723	0	0.433458	2.36005	637637241
0	1	4	6	1	1	1	48	48	0.953449	0.953449	0.953449	0	0.286785	2.60621	637567737
0	1	4	6	1	2	1	48	48	0.964012	0.964012	0.964012	0	0.276998	2.88365	637571833
0	1	4	6	1	1	3	48	48	0.971956	0.971956	0.971956	0	0.448224	2.60621	637633273
0	1	4	6	1	2	3	48	48	0.967169	0.967169	0.967169	0	0.433458	2.88365	637637369
0	1	4	7	1	1	1	48	48	0.961365	0.961365	0.961365	0	0.286785	3.12981	637567865
0	1	4	7	1	2	1	48	48	0.945742	0.945742	0.945742	0	0.276998	-2.87594	637571961
0	1	4	7	1	1	3	48	48	0.973079	0.973079	0.973079	0	0.448224	3.12981	637633401
0	1	4	7	1	2	3	48	48	0.968895	0.968895	0.968895	0	0.433458	-2.87594	637637497
0	1	4	8	1	2	1	36	36	0.956298	0.956298	0.956298	0	0.279296	-2.38566	637572089
0	1	4	8	1	1	1	48	48	0.587581	0.587581	0.587581	0	0.286785	-2.62977	637567993
0	1	4	8	1	2	3	36	36	0.971538	0.971538	0.971538	0	0.43693	-2.38566	637637625
0	1	4	8	1	1	3	48	48	0.709093	0.709093	0.709093	0	0.448224	-2.62977	637633529
0	1	4	9	1	1	1	48	48	0.957126	0.957126	0.957126	0	0.285827	-2.08591	637568121
0	1	4	9	1	1	3	48	48	0.972082	0.972082	0.972082	0	0.446781	-2.08591	637633657
0	1	4	10	1	1	1	60	60	0.927193	0.927193	0.927193	0	0.281835	-1.7597	637568249
0	1	4	10	1	1	3	60	60	0.423687	0.423687	0.423687	0	0.440762	-1.7597	637633785
0	1	4	10	1	2	1	60	60	0.958061	0.958061	0.958061	0	0.281835	-1.38189	637572345
0	1	4	10	1	2	3	60	60	0.97352	0.97352	0.97352	0	0.440762	-1.38189	637637881
0	1	4	11	1	1	1	48	48	0.946162	0.946162	0.946162	0	0.285827	-1.05564	637568377
0	1	4	11	1	1	3	48	48	0.972299	0.972299	0.972299	0	0.446781	-1.05564	637633913
0	1	4	12	1	1	1	36	36	0.952378	0.952378	0.952378	0	0.279296	-0.755931	637568505
0	1	4	12	1	2	1	48	48	0.768503	0.768503	0.768503	0	0.286785	-0.511819	637572601
0	1	4	12	1	1	3	36	36	0.969649	0.969649	0.969649	0	0.43693	-0.755931	637634041
0	1	4	12	1	2	3	48	48	0.876509	0.876509	0.876509	0	0.448224	-0.511819	637638137
0	2	1	1	1	1	1	90	90	0.96496	0.96496	0.96496	0	0.972084	0.0906435	637567005
0	2	1	1	1	1	3	90	90	0.974104	0.974104	0.974104	0	1.15268	0.0906435	637632541
0	2	1	1	2	1	1	84	84	0.58774	0.58774	0.58774	0	0.913315	0.0736394	637569053
0	2	1	1	2	1	3	84	84	0.871582	0.871582	0.871582	0	1.08822	0.0736394	637634589
0	2	1	2	1	1	1	90	90	0.963919	0.963919	0.963919	0	0.972084	0.614242	637567133
0	2	1	2	1	1	3	90	90	0.976823	0.976823	0.976823	0	1.15268	0.614242	637632669
0	2	1	2	2	1	1	84	84	0.983104	0.983104	0.983104	0	0.913315	0.597238	637569181
0	2	1	2	2	1	3	84	84	0.985831	0.985831	0.985831	0	1.08822	0.597238	637634717
0	2	1	3	1	1	1	90	90	0.973478	0.973478	0.973478	0	0.972084	1.13784	637567261
0	2	1	3	1	1	3	90	90	0.97337	0.97337	0.97337	0	1.15268	1.13784	637632797
0	2	1	3	2	1	1	84	84	0.984204	0.984204	0.984204	0	0.913315	1.12084	637569309
0	2	1	3	2	1	3	84	84	0.98584	0.98584	0.98584	0	1.08822	1.12084	637634845
0	2	1	4	1	1	1	90	90	0.970724	0.970724	0.970724	0	0.972084	1.66144	637567389
0	2	1	4	1	1	3	90	90	0.986237	0.986237	0.986237	0	1.15268	1.66144	637632925
0	2	1	4	2	1	1	84	84	0.986162	0.986162	0.986162	0	0.913315	1.64444	637569437
0	2	1	4	2	1	3	84	84	0.980235	0.980235	0.980235	0	1.08822	1.64444	637634973
0	2	1	5	1	1	1	90	90	0.978032	0.978032	0.978032	0	0.972084	2.18504	637567517
0	2	1	5	1	1	3	90	90	0.974253	0.974253	0.974253	0	1.15268	2.18504	637633053
0	2	1	5	2	1	1	84	84	0.960022	0.960022	0.960022	0	0.913315	2.16803	637569565
0	2	1	5	2	1	3	84	84	0.988241	0.988241	0.988241	0	1.08822	2.16803	637635101
0	2	1	6	1	1	1	90	90	0.969256	0.969256	0.969256	0	0.972084	2.70864	637567645
0	2	1	6	1	1	3	90	90	0.974377	0.974377	0.974377	0	1.15268	2.70864	637633181
0	2	1	6	2	1	1	84	84	0.977119	0.977119	0.977119	0	0.913315	2.69163	637569693
0	2	1	6	2	1	3	84	84	0.979971	0.979971	0.979971	0	1.08822	2.69163	637635229
0	2	1	7	1	1	1	90	90	0.968598	0.968598	0.968598	0	0.972084	-3.05095	637567773
0	2	1	7	1	1	3	90	90	0.985353	0.985353	0.985353	0	1.15268	-3.05095	637633309
0	2	1	7	2	1	1	84	84	0.944839	0.944839	0.944839	0	0.913315	-3.06795	637569821
0	2	1	7	2	1	3	84	84	0.972271	0.972271	0.972271	0	1.08822	-3.06795	637635357
0	2	1	8	1	1	1	90	90	0.96334	0.96334	0.96334	0	0.972084	-2.52735	637567901
0	2	1	8	1	1	3	90	90	0.974356	0.974356	0.974356	0	1.15268	-2.52735	637633437
0	2	1	8	2	1	1	84	84	0.972264	0.972264	0.972264	0	0.913315	-2.54435	637569949
0	2	1	8	2	1	3	84	84	0.985641	0.985641	0.985641	0	1.08822	-2.54435	637635485
0	2	1	9	1	1	1	90	90	0.699035	0.699035	0.699035	0	0.972084	-2.00375	637568029
0	2	1	9	1	1	3	90	90	0.591977	0.591977	0.591977	0	1.15268	-2.00375	637633565
0	2	1	9	2	1	1	84	84	0.915344	0.915344	0.915344	0	0.913315	-2.02076	637570077
0	2	1	9	2	1	3	84	84	0.981741	0.981741	0.981741	0	1.08822	-2.02076	637635613
0	2	1	10	1	1	1	90	90	0.965605	0.965605	0.965605	0	0.972084	-1.48015	637568157
0	2	1	10	1	1	3	90	90	0.973232	0.973232	0.973232	0	1.15268	-1.48015	637633693
0	2	1	10	2	1	1	84	84	0.980134	0.980134	0.980134	0	0.913315	-1.49716	637570205
0	2	1	10	2	1	3	84	84	0.973644	0.973644	0.973644	0	1.08822	-1.49716	637635741
0	2	1	11	1	1	1	90	90	0.965887	0.965887	0.965887	0	0.972084	-0.956554	637568285
0	2	1	11	1	1	3	90	90	0.97389	0.97389	0.97389	0	1.15268	-0.956554	637633821
0	2	1	11	2	1	1	84	84	0.945404	0.945404	0.945404	0	0.913315	-0.973558	637570333
0	2	1	11	2	1	3	84	84	0.925353	0.925353	0.925353	0	1.08822	-0.973558	637635869
0	2	1	12	1	1	1	90	90	0.915032	0.915032	0.915032	0	0.972084	-0.432955	637568413
0	2	1	12	1	1	3	90	90	0.981182	0.981182	0.981182	0	1.15268	-0.432955	637633949
0	2	1	12	2	1	1	84	84	0.975281	0.975281	0.975281	0	0.913315	-0.449959	637570461
0	2	1	12	2	1	3	84	84	0.979571	0.979571	0.979571	0	1.08822	-0.449959	637635997
0	2	2	1	2	1	1	84	84	0.956098	0.956098	0.956098	0	0.770793	-0.0352701	637569085
0	2	2	1	2	1	2	84	84	0.766417	0.766417	0.766417	0	0.8799	-0.0352701	637601853
0	2	2	1	2	1	3	84	84	0.979561	0.979561	0.979561	0	0.986347	-0.0352701	637634621
0	2	2	1	1	1	1	90	90	0.965887	0.965887	0.965887	0	0.845445	-0.0363495	637567037
0	2	2	1	1	1	3	90	90	0.960372	0.960372	0.960372	0	1.01305	-0.0363495	637632573
0	2	2	2	2	1	1	84	84	0.981289	0.981289	0.981289	0	0.770793	0.488329	637569213
0	2	2	2	2	1	2	84	84	0.956057	0.956057	0.956057	0	0.8799	0.488329	637601981
0	2	2	2	2	1	3	84	84	0.985711	0.985711	0.985711	0	0.986347	0.488329	637634749
0	2	2	2	1	1	1	90	90	0.962891	0.962891	0.962891	0	0.845445	0.487249	637567165
0	2	2	2	1	1	3	90	90	0.956494	0.956494	0.956494	0	1.01305	0.487249	637632701
0	2	2	3	2	1	1	84	84	0.982495	0.982495	0.982495	0	0.770793	1.01193	637569341
0	2	2	3	2	1	2	84	84	0.954765	0.954765	0.954765	0	0.8799	1.01193	637602109
0	2	2	3	2	1	3	84	84	0.95862	0.95862	0.95862	0	0.986347	1.01193	637634877
0	2	2	3	1	1	1	90	90	0.971837	0.971837	0.971837	0	0.845445	1.01085	637567293
0	2	2	3	1	1	3	90	90	0.977465	0.977465	0.977465	0	1.01305	1.01085	637632829
0	2	2	4	2	1	1	84	84	0.968494	0.968494	0.968494	0	0.770793	1.53553	637569469
0	2	2	4	2	1	2	84	84	0.964779	0.964779	0.964779	0	0.8799	1.53553	637602237
0	2	2	4	2	1	3	84	84	0.985584	0.985584	0.985584	0	0.986347	1.53553	637635005
0	2	2	4	1	1	1	90	90	0	0	0	90	0.845445	1.53445	637567421
0	2	2	4	1	1	3	90	90	0	0	0	90	1.01305	1.53445	637632957
0	2	2	5	2	1	1	84	84	0.957029	0.957029	0.957029	0	0.770793	2.05912	637569597
0	2	2	5	2	1	2	84	84	0.957918	0.957918	0.957918	0	0.8799	2.05912	637602365
0	2	2	5	2	1	3	84	84	0.966951	0.966951	0.966951	0	0.986347	2.05912	637635133
0	2	2	5	1	1	1	90	90	0.959596	0.959596	0.959596	0	0.845445	2.05805	637567549
0	2	2	5	1	1	3	90	90	0.9714	0.9714	0.9714	0	1.01305	2.05805	637633085
0	2	2	6	2	1	1	84	84	0.971106	0.971106	0.971106	0	0.770793	2.58272	637569725
0	2	2	6	2	1	2	84	84	0.943127	0.943127	0.943127	0	0.8799	2.58272	637602493
0	2	2	6	2	1	3	84	84	0.912956	0.912956	0.912956	0	0.986347	2.58272	637635261
0	2	2	6	1	1	1	90	90	0.972218	0.972218	0.972218	0	0.845445	2.58164	637567677
0	2	2	6	1	1	3	90	90	0.97007	0.97007	0.97007	0	1.01305	2.58164	637633213
0	2	2	7	2	1	1	84	84	0.974585	0.974585	0.974585	0	0.770793	3.10632	637569853
0	2	2	7	2	1	2	84	84	0.971083	0.971083	0.971083	0	0.8799	3.10632	637602621
0	2	2	7	2	1	3	84	84	0.885846	0.885846	0.885846	0	0.986347	3.10632	637635389
0	2	2	7	1	1	1	90	90	0.968437	0.968437	0.968437	0	0.845445	3.10524	637567805
0	2	2	7	1	1	3	90	90	0.977011	0.977011	0.977011	0	1.01305	3.10524	637633341
0	2	2	8	2	1	1	84	84	0.908699	0.908699	0.908699	0	0.770793	-2.65326	637569981
0	2	2	8	2	1	2	84	84	0.765923	0.765923	0.765923	0	0.8799	-2.65326	637602749
0	2	2	8	2	1	3	84	84	0.91141	0.91141	0.91141	0	0.986347	-2.65326	637635517
0	2	2	8	1	1	1	90	90	0.963883	0.963883	0.963883	0	0.845445	-2.65434	637567933
0	2	2	8	1	1	3	90	90	0.96536	0.96536	0.96536	0	1.01305	-2.65434	637633469
0	2	2	9	2	1	1	84	84	0.964583	0.964583	0.964583	0	0.770793	-2.12967	637570109
0	2	2	9	2	1	2	84	84	0.95025	0.95025	0.95025	0	0.8799	-2.12967	637602877
0	2	2	9	2	1	3	84	84	0.975472	0.975472	0.975472	0	0.986347	-2.12967	637635645
0	2	2	9	1	1	1	90	90	0.970879	0.970879	0.970879	0	0.845445	-2.13074	637568061
0	2	2	9	1	1	3	90	90	0.967786	0.967786	0.967786	0	1.01305	-2.13074	637633597
0	2	2	10	2	1	1	84	84	0.976324	0.976324	0.976324	0	0.770793	-1.60607	637570237
0	2	2	10	2	1	2	84	84	0.968532	0.968532	0.968532	0	0.8799	-1.60607	637603005
0	2	2	10	2	1	3	84	84	0.73628	0.73628	0.73628	0	0.986347	-1.60607	637635773
0	2	2	10	1	1	1	90	90	0.944931	0.944931	0.944931	0	0.845445	-1.60715	637568189
0	2	2	10	1	1	3	90	90	0.983261	0.983261	0.983261	0	1.01305	-1.60715	637633725
0	2	2	11	2	1	1	84	84	0.979872	0.979872	0.979872	0	0.770793	-1.08247	637570365
0	2	2	11	2	1	2	84	84	0.92633	0.92633	0.92633	0	0.8799	-1.08247	637603133
0	2	2	11	2	1	3	84	84	0.974146	0.974146	0.974146	0	0.986347	-1.08247	637635901
0	2	2	11	1	1	1	90	90	0.977228	0.977228	0.977228	0	0.845445	-1.08355	637568317
0	2	2	11	1	1	3	90	90	0.959848	0.959848	0.959848	0	1.01305	-1.08355	637633853
0	2	2	12	2	1	1	84	84	0.96908	0.96908	0.96908	0	0.770793	-0.558869	637570493
0	2	2	12	2	1	2	84	84	0.942756	0.942756	0.942756	0	0.8799	-0.558869	637603261
0	2	2	12	2	1	3	84	84	0.978944	0.978944	0.978944	0	0.986347	-0.558869	637636029
0	2	2	12	1	1	1	90	90	0.962319	0.962319	0.962319	0	0.845445	-0.559948	637568445
0	2	2	12	1	1	3	90	90	0.952067	0.952067	0.952067	0	1.01305	-0.559948	637633981
0	2	3	1	1	1	1	42	42	0.964459	0.964459	0.964459	0	0.715282	-0.0937211	637567069
0	2	3	1	1	2	1	42	42	0.973392	0.973392	0.973392	0	0.710695	0.153885	637571165
0	2	3	1	1	1	3	42	42	0.957308	0.957308	0.957308	0	0.866442	-0.0937211	637632605
0	2	3	1	1	2	3	42	42	0.948063	0.948063	0.948063	0	0.861213	0.153885	637636701
0	2	3	2	1	1	1	42	42	0.966234	0.966234	0.966234	0	0.715282	0.429878	637567197
0	2	3	2	1	2	1	42	42	0.966638	0.966638	0.966638	0	0.710695	0.677483	637571293
0	2	3	2	1	1	3	42	42	0.96577	0.96577	0.96577	0	0.866442	0.429878	637632733
0	2	3	2	1	2	3	42	42	0.972817	0.972817	0.972817	0	0.861213	0.677483	637636829
0	2	3	3	1	1	1	42	42	0.962805	0.962805	0.962805	0	0.715282	0.953476	637567325
0	2	3	3	1	2	1	42	42	0.969608	0.969608	0.969608	0	0.710695	1.20108	637571421
0	2	3	3	1	1	3	42	42	0.969374	0.969374	0.969374	0	0.866442	0.953476	637632861
0	2	3	3	1	2	3	42	42	0.97304	0.97304	0.97304	0	0.861213	1.20108	637636957
0	2	3	4	1	1	1	42	42	0.973913	0.973913	0.973913	0	0.715282	1.47708	637567453
0	2	3	4	1	2	1	42	42	0.967841	0.967841	0.967841	0	0.710695	1.72468	637571549
0	2	3	4	1	1	3	42	42	0.981557	0.981557	0.981557	0	0.866442	1.47708	637632989
0	2	3	4	1	2	3	42	42	0.977808	0.977808	0.977808	0	0.861213	1.72468	637637085
0	2	3	5	1	1	1	42	42	0.949468	0.949468	0.949468	0	0.715282	2.00067	637567581
0	2	3	5	1	2	1	42	42	0.966627	0.966627	0.966627	0	0.710695	2.24828	637571677
0	2	3	5	1	1	3	42	42	0.974455	0.974455	0.974455	0	0.866442	2.00067	637633117
0	2	3	5	1	2	3	42	42	0.968503	0.968503	0.968503	0	0.861213	2.24828	637637213
0	2	3	6	1	1	1	42	42	0.966417	0.966417	0.966417	0	0.715282	2.52427	637567709
0	2	3	6	1	2	1	42	42	0.976756	0.976756	0.976756	0	0.710695	2.77188	637571805
0	2	3	6	1	1	3	42	42	0.968047	0.968047	0.968047	0	0.866442	2.52427	637633245
0	2	3	6	1	2	3	42	42	0.832449	0.832449	0.832449	0	0.861213	2.77188	637637341
0	2	3	7	1	1	1	42	42	0.968138	0.968138	0.968138	0	0.715282	3.04787	637567837
0	2	3	7	1	2	1	42	42	0.958547	0.958547	0.958547	0	0.710695	-2.98771	637571933
0	2	3	7	1	1	3	42	42	0.959374	0.959374	0.959374	0	0.866442	3.04787	637633373
0	2	3	7	1	2	3	42	42	0.975765	0.975765	0.975765	0	0.861213	-2.98771	637637469
0	2	3	8	1	1	1	42	42	0.971717	0.971717	0.971717	0	0.715282	-2.71171	637567965
0	2	3	8	1	2	1	42	42	0.972614	0.972614	0.972614	0	0.710695	-2.46411	637572061
0	2	3	8	1	1	3	42	42	0.970657	0.970657	0.970657	0	0.866442	-2.71171	637633501
0	2	3	8	1	2	3	42	42	0.972879	0.972879	0.972879	0	0.861213	-2.46411	637637597
0	2	3	9	1	1	1	42	42	0.972089	0.972089	0.972089	0	0.715282	-2.18812	637568093
0	2	3	9	1	2	1	42	42	0.980193	0.980193	0.980193	0	0.710695	-1.94051	637572189
0	2	3	9	1	1	3	42	42	0.969473	0.969473	0.969473	0	0.866442	-2.18812	637633629
0	2	3	9	1	2	3	42	42	0.974989	0.974989	0.974989	0	0.861213	-1.94051	637637725
0	2	3	10	1	1	1	42	42	0.956994	0.956994	0.956994	0	0.715282	-1.66452	637568221
0	2	3	10	1	2	1	42	42	0.964532	0.964532	0.964532	0	0.710695	-1.41691	637572317
0	2	3	10	1	1	3	42	42	0.895709	0.895709	0.895709	0	0.866442	-1.66452	637633757
0	2	3	10	1	2	3	42	42	0.893489	0.893489	0.893489	0	0.861213	-1.41691	637637853
0	2	3	11	1	1	1	42	42	0.983298	0.983298	0.983298	0	0.715282	-1.14092	637568349
0	2	3	11	1	2	1	42	42	0.966675	0.966675	0.966675	0	0.710695	-0.893313	637572445
0	2	3	11	1	1	3	42	42	0.962836	0.962836	0.962836	0	0.866442	-1.14092	637633885
0	2	3	11	1	2	3	42	42	0.968554	0.968554	0.968554	0	0.861213	-0.893313	637637981
0	2	3	12	1	1	1	42	42	0.960256	0.960256	0.960256	0	0.715282	-0.61732	637568477
0	2	3	12	1	2	1	42	42	0.969889	0.969889	0.969889	0	0.710695	-0.369714	637572573
0	2	3	12	1	1	3	42	42	0.95908	0.95908	0.95908	0	0.866442	-0.61732	637634013
0	2	3	12	1	2	3	42	42	0.964856	0.964856	0.964856	0	0.861213	-0.369714	637638109
0	2	4	1	1	1	1	48	48	0.54514	0.54514	0.54514	0	0.606445	-0.265657	637567101
0	2	4	1	1	2	1	48	48	0.738079	0.738079	0.738079	0	0.625992	0.01178	637571197
0	2	4	1	1	1	3	48	48	0.559205	0.559205	0.559205	0	0.741168	-0.265657	637632637
0	2	4	1	1	2	3	48	48	0.801324	0.801324	0.801324	0	0.763857	0.01178	637636733
0	2	4	2	1	1	1	48	48	0.894319	0.894319	0.894319	0	0.606445	0.257941	637567229
0	2	4	2	1	2	1	48	48	0.942628	0.942628	0.942628	0	0.625992	0.535379	637571325
0	2	4	2	1	1	3	48	48	0.923466	0.923466	0.923466	0	0.741168	0.257941	637632765
0	2	4	2	1	2	3	48	48	0.971369	0.971369	0.971369	0	0.763857	0.535379	637636861
0	2	4	3	1	1	1	48	48	0.916656	0.916656	0.916656	0	0.606445	0.78154	637567357
0	2	4	3	1	2	1	48	48	0.972364	0.972364	0.972364	0	0.625992	1.05898	637571453
0	2	4	3	1	1	3	48	48	0.911133	0.911133	0.911133	0	0.741168	0.78154	637632893
0	2	4	3	1	2	3	48	48	0.969761	0.969761	0.969761	0	0.763857	1.05898	637636989
0	2	4	4	1	1	1	36	36	0.932554	0.932554	0.932554	0	0.597103	1.2479	637567485
0	2	4	4	1	2	1	36	36	0.967546	0.967546	0.967546	0	0.621958	1.44968	637571581
0	2	4	4	1	1	3	36	36	0.967463	0.967463	0.967463	0	0.730294	1.2479	637633021
0	2	4	4	1	2	3	36	36	0.959442	0.959442	0.959442	0	0.759181	1.44968	637637117
0	2	4	4	1	3	1	36	36	0.953452	0.953452	0.953452	0	0.621958	1.69191	637575677
0	2	4	4	1	4	1	36	36	0.908056	0.908056	0.908056	0	0.597103	1.8937	637579773
0	2	4	4	1	3	3	36	36	0.964692	0.964692	0.964692	0	0.759181	1.69191	637641213
0	2	4	4	1	4	3	36	36	0.968735	0.968735	0.968735	0	0.730294	1.8937	637645309
0	2	4	5	1	1	1	48	48	0.849558	0.849558	0.849558	0	0.625992	2.08261	637567613
0	2	4	5	1	2	1	48	48	0.958696	0.958696	0.958696	0	0.606445	2.36005	637571709
0	2	4	5	1	1	3	48	48	0.859207	0.859207	0.859207	0	0.763857	2.08261	637633149
0	2	4	5	1	2	3	48	48	0.963638	0.963638	0.963638	0	0.741168	2.36005	637637245
0	2	4	6	1	1	1	48	48	0.970708	0.970708	0.970708	0	0.625992	2.60621	637567741
0	2	4	6	1	2	1	48	48	0.873178	0.873178	0.873178	0	0.606445	2.88365	637571837
0	2	4	6	1	1	3	48	48	0.968272	0.968272	0.968272	0	0.763857	2.60621	637633277
0	2	4	6	1	2	3	48	48	0.870394	0.870394	0.870394	0	0.741168	2.88365	637637373
0	2	4	7	1	1	1	48	48	0.80115	0.80115	0.80115	0	0.625992	3.12981	637567869
0	2	4	7	1	2	1	48	48	0.722092	0.722092	0.722092	0	0.606445	-2.87594	637571965
0	2	4	7	1	1	3	48	48	0.946822	0.946822	0.946822	0	0.763857	3.12981	637633405
0	2	4	7	1	2	3	48	48	0.90255	0.90255	0.90255	0	0.741168	-2.87594	637637501
0	2	4	8	1	2	1	36	36	0.937868	0.937868	0.937868	0	0.611049	-2.38566	637572093
0	2	4	8	1	1	1	48	48	0.963192	0.963192	0.963192	0	0.625992	-2.62977	637567997
0	2	4	8	1	2	3	36	36	0.924407	0.924407	0.924407	0	0.746519	-2.38566	637637629
0	2	4	8	1	1	3	48	48	0.978604	0.978604	0.978604	0	0.763857	-2.62977	637633533
0	2	4	9	1	1	1	48	48	0.953651	0.953651	0.953651	0	0.624085	-2.08591	637568125
0	2	4	9	1	1	3	48	48	0.939988	0.939988	0.939988	0	0.761647	-2.08591	637633661
0	2	4	10	1	1	1	60	60	0.947975	0.947975	0.947975	0	0.616125	-1.7597	637568253
0	2	4	10	1	1	3	60	60	0.959725	0.959725	0.959725	0	0.752414	-1.7597	637633789
0	2	4	10	1	2	1	60	60	0.963236	0.963236	0.963236	0	0.616125	-1.38189	637572349
0	2	4	10	1	2	3	60	60	0.770146	0.770146	0.770146	0	0.752414	-1.38189	637637885
0	2	4	11	1	1	1	48	48	0.959019	0.959019	0.959019	0	0.624086	-1.05564	637568381
0	2	4	11	1	1	3	48	48	0.922654	0.922654	0.922654	0	0.761647	-1.05564	637633917
0	2	4	12	1	1	1	36	36	0.959407	0.959407	0.959407	0	0.611049	-0.755931	637568509
0	2	4	12	1	2	1	48	48	0.971906	0.971906	0.971906	0	0.625992	-0.511819	637572605
0	2	4	12	1	1	3	36	36	0.950645	0.950645	0.950645	0	0.746519	-0.755931	637634045
0	2	4	12	1	2	3	48	48	0.960972	0.960972	0.960972	0	0.763857	-0.511819	637638141
1	2	1	1	1	3	1	32	32	0.989721	0.989721	0.989721	0	1.2861	0.349066	637575174
1	2	1	1	1	3	2	32	32	0.985576	0.985576	0.985576	0	1.39783	0.349066	637607942
1	2	1	1	1	3	3	32	32	0.981437	0.981437	0.981437	0	1.56645	0.349066	637640710
1	2	1	1	1	5	1	32	32	0.986133	0.986133	0.986133	0	1.2861	0.698132	637583366
1	2	1	1	1	5	2	32	32	0.953473	0.953473	0.953473	0	1.39783	0.698132	637616134
1	2	1	1	1	5	3	32	32	0.923156	0.923156	0.923156	0	1.56645	0.698132	637648902
1	2	1	2	1	1	1	32	32	0.991309	0.991309	0.991309	0	1.2861	1.0472	637567110
1	2	1	2	1	1	2	32	32	0.984329	0.984329	0.984329	0	1.39783	1.0472	637599878
1	2	1	2	1	1	3	32	32	0.982411	0.982411	0.982411	0	1.56645	1.0472	637632646
1	2	1	2	1	3	1	32	32	0.992845	0.992845	0.992845	0	1.2861	1.39626	637575302
1	2	1	2	1	3	2	32	32	0.953336	0.953336	0.953336	0	1.39783	1.39626	637608070
1	2	1	2	1	3	3	32	32	0.96755	0.96755	0.96755	0	1.56645	1.39626	637640838
1	2	1	2	1	5	1	32	32	0	0	0	32	1.2861	1.74533	637583494
1	2	1	2	1	5	2	32	32	0	0	0	32	1.39783	1.74533	637616262
1	2	1	2	1	5	3	32	32	0	0	0	32	1.56645	1.74533	637649030
1	2	1	3	1	1	1	32	32	0.988057	0.988057	0.988057	0	1.2861	2.0944	637567238
1	2	1	3	1	1	2	32	32	0.97952	0.97952	0.97952	0	1.39783	2.0944	637600006
1	2	1	3	1	1	3	32	32	0.982515	0.982515	0.982515	0	1.56645	2.0944	637632774
1	2	1	3	1	3	1	32	32	0	0	0	32	1.2861	2.44346	637575430
1	2	1	3	1	3	2	32	32	0	0	0	32	1.39783	2.44346	637608198
1	2	1	3	1	3	3	32	32	0	0	0	32	1.56645	2.44346	637640966
1	2	1	3	1	5	1	32	32	0.984075	0.984075	0.984075	0	1.2861	2.79253	637583622
1	2	1	3	1	5	2	32	32	0.983495	0.983495	0.983495	0	1.39783	2.79253	637616390
1	2	1	3	1	5	3	32	32	0.86166	0.86166	0.86166	0	1.56645	2.79253	637649158
1	2	1	4	1	1	1	32	32	0.995023	0.995023	0.995023	0	1.2861	3.14159	637567366
1	2	1	4	1	1	2	32	32	0.987054	0.987054	0.987054	0	1.39783	3.14159	637600134
1	2	1	4	1	1	3	32	32	0.958652	0.958652	0.958652	0	1.56645	3.14159	637632902
1	2	1	4	1	3	1	32	32	0.988237	0.988237	0.988237	0	1.2861	-2.79253	637575558
1	2	1	4	1	3	2	32	32	0.985856	0.985856	0.985856	0	1.39783	-2.79253	637608326
1	2	1	4	1	3	3	32	32	0.978028	0.978028	0.978028	0	1.56645	-2.79253	637641094
1	2	1	4	1	5	1	32	32	0.988086	0.988086	0.988086	0	1.2861	-2.44346	637583750
1	2	1	4	1	5	2	32	32	0.98771	0.98771	0.98771	0	1.39783	-2.44346	637616518
1	2	1	4	1	5	3	32	32	0.95387	0.95387	0.95387	0	1.56645	-2.44346	637649286
1	2	1	5	1	1	1	32	32	0.00175535	0.00175535	0.00175535	0	1.2861	-2.0944	637567494
1	2	1	5	1	1	2	32	32	0.980195	0.980195	0.980195	0	1.39783	-2.0944	637600262
1	2	1	5	1	1	3	32	32	0.98312	0.98312	0.98312	0	1.56645	-2.0944	637633030
1	2	1	5	1	3	1	32	32	0.990105	0.990105	0.990105	0	1.2861	-1.74533	637575686
1	2	1	5	1	3	2	32	32	0.983242	0.983242	0.983242	0	1.39783	-1.74533	637608454
1	2	1	5	1	3	3	32	32	0.967191	0.967191	0.967191	0	1.56645	-1.74533	637641222
1	2	1	5	1	5	1	32	32	0.988605	0.988605	0.988605	0	1.2861	-1.39626	637583878
1	2	1	5	1	5	2	32	32	0	0	0	32	1.39783	-1.39626	637616646
1	2	1	5	1	5	3	32	32	0.981893	0.981893	0.981893	0	1.56645	-1.39626	637649414
1	2	1	6	1	1	1	32	32	0.988565	0.988565	0.988565	0	1.2861	-1.0472	637567622
1	2	1	6	1	1	2	32	32	0.986814	0.986814	0.986814	0	1.39783	-1.0472	637600390
1	2	1	6	1	1	3	32	32	0.968358	0.968358	0.968358	0	1.56645	-1.0472	637633158
1	2	1	6	1	3	1	32	32	0.985847	0.985847	0.985847	0	1.2861	-0.698132	637575814
1	2	1	6	1	3	2	32	32	0.987126	0.987126	0.987126	0	1.39783	-0.698132	637608582
1	2	1	6	1	3	3	32	32	0.982261	0.982261	0.982261	0	1.56645	-0.698132	637641350
1	2	1	6	1	5	1	32	32	0.974884	0.974884	0.974884	0	1.2861	-0.349066	637584006
1	2	1	6	1	5	2	32	32	0.983836	0.983836	0.983836	0	1.39783	-0.349066	637616774
1	2	1	6	1	5	3	32	32	0.959571	0.959571	0.959571	0	1.56645	-0.349066	637649542
1	2	1	1	1	1	1	32	32	0.991796	0.991796	0.991796	0	1.2861	-1.18744e-15	637566982
1	2	1	1	1	1	2	32	32	0.968025	0.968025	0.968025	0	1.39783	-1.25716e-15	637599750
1	2	1	1	1	1	3	32	32	0.953051	0.953051	0.953051	0	1.56645	-1.37638e-15	637632518
1	2	1	1	1	2	1	32	32	0.974942	0.974942	0.974942	0	1.24885	0.174533	637571078
1	2	1	1	1	2	2	32	32	0.980984	0.980984	0.980984	0	1.35938	0.174533	637603846
1	2	1	1	1	2	3	32	32	0.956204	0.956204	0.956204	0	1.52658	0.174533	637636614
1	2	1	1	1	4	1	32	32	0.969825	0.969825	0.969825	0	1.24885	0.523599	637579270
1	2	1	1	1	4	2	32	32	0.981441	0.981441	0.981441	0	1.35938	0.523599	637612038
1	2	1	1	1	4	3	32	32	0.974426	0.974426	0.974426	0	1.52658	0.523599	637644806
1	2	1	1	1	6	1	32	32	0.97688	0.97688	0.97688	0	1.24885	0.872665	637587462
1	2	1	1	1	6	2	32	32	0.818358	0.818358	0.818358	0	1.35938	0.872665	637620230
1	2	1	1	1	6	3	32	32	0.976763	0.976763	0.976763	0	1.52658	0.872665	637652998
1	2	1	2	1	2	1	32	32	0.974828	0.974828	0.974828	0	1.24885	1.22173	637571206
1	2	1	2	1	2	2	32	32	0.972954	0.972954	0.972954	0	1.35938	1.22173	637603974
1	2	1	2	1	2	3	32	32	0.976539	0.976539	0.976539	0	1.52658	1.22173	637636742
1	2	1	2	1	4	1	32	32	0.975267	0.975267	0.975267	0	1.24885	1.5708	637579398
1	2	1	2	1	4	2	32	32	0.984529	0.984529	0.984529	0	1.35938	1.5708	637612166
1	2	1	2	1	4	3	32	32	0.986207	0.986207	0.986207	0	1.52658	1.5708	637644934
1	2	1	2	1	6	1	32	32	0.990602	0.990602	0.990602	0	1.24885	1.91986	637587590
1	2	1	2	1	6	2	32	32	0.967188	0.967188	0.967188	0	1.35938	1.91986	637620358
1	2	1	2	1	6	3	32	32	0.984526	0.984526	0.984526	0	1.52658	1.91986	637653126
1	2	1	3	1	2	1	32	32	0.9696	0.9696	0.9696	0	1.24885	2.26893	637571334
1	2	1	3	1	2	2	32	32	0.990815	0.990815	0.990815	0	1.35938	2.26893	637604102
1	2	1	3	1	2	3	32	32	0.973317	0.973317	0.973317	0	1.52658	2.26893	637636870
1	2	1	3	1	4	1	32	32	0.981469	0.981469	0.981469	0	1.24885	2.61799	637579526
1	2	1	3	1	4	2	32	32	0.985746	0.985746	0.985746	0	1.35938	2.61799	637612294
1	2	1	3	1	4	3	32	32	0.962071	0.962071	0.962071	0	1.52658	2.61799	637645062
1	2	1	3	1	6	1	32	32	0.991654	0.991654	0.991654	0	1.24885	2.96706	637587718
1	2	1	3	1	6	2	32	32	0.938544	0.938544	0.938544	0	1.35938	2.96706	637620486
1	2	1	3	1	6	3	32	32	0.961367	0.961367	0.961367	0	1.52658	2.96706	637653254
1	2	1	4	1	2	1	32	32	0.953176	0.953176	0.953176	0	1.24885	-2.96706	637571462
1	2	1	4	1	2	2	32	32	0.934536	0.934536	0.934536	0	1.35938	-2.96706	637604230
1	2	1	4	1	2	3	32	32	0.94685	0.94685	0.94685	0	1.52658	-2.96706	637636998
1	2	1	4	1	4	1	32	32	0.965402	0.965402	0.965402	0	1.24885	-2.61799	637579654
1	2	1	4	1	4	2	32	32	0.969486	0.969486	0.969486	0	1.35938	-2.61799	637612422
1	2	1	4	1	4	3	32	32	0.965589	0.965589	0.965589	0	1.52658	-2.61799	637645190
1	2	1	4	1	6	1	32	32	0.942028	0.942028	0.942028	0	1.24885	-2.26893	637587846
1	2	1	4	1	6	2	32	32	0.989261	0.989261	0.989261	0	1.35938	-2.26893	637620614
1	2	1	4	1	6	3	32	32	0.976953	0.976953	0.976953	0	1.52658	-2.26893	637653382
1	2	1	5	1	2	1	32	32	0.946153	0.946153	0.946153	0	1.24885	-1.91986	637571590
1	2	1	5	1	2	2	32	32	0.98272	0.98272	0.98272	0	1.35938	-1.91986	637604358
1	2	1	5	1	2	3	32	32	0.97626	0.97626	0.97626	0	1.52658	-1.91986	637637126
1	2	1	5	1	4	1	32	32	0.886869	0.886869	0.886869	0	1.24885	-1.5708	637579782
1	2	1	5	1	4	2	32	32	0.659538	0.659538	0.659538	0	1.35938	-1.5708	637612550
1	2	1	5	1	4	3	32	32	0.511269	0.511269	0.511269	0	1.52658	-1.5708	637645318
1	2	1	5	1	6	1	32	32	0.981434	0.981434	0.981434	0	1.24885	-1.22173	637587974
1	2	1	5	1	6	2	32	32	0.978817	0.978817	0.978817	0	1.35938	-1.22173	637620742
1	2	1	5	1	6	3	32	32	0.969924	0.969924	0.969924	0	1.52658	-1.22173	637653510
1	2	1	6	1	2	1	32	32	0.983659	0.983659	0.983659	0	1.24885	-0.872665	637571718
1	2	1	6	1	2	2	32	32	0.986024	0.986024	0.986024	0	1.35938	-0.872665	637604486
1	2	1	6	1	2	3	32	32	0.985047	0.985047	0.985047	0	1.52658	-0.872665	637637254
1	2	1	6	1	4	1	32	32	0.976767	0.976767	0.976767	0	1.24885	-0.523599	637579910
1	2	1	6	1	4	2	32	32	0.989843	0.989843	0.989843	0	1.35938	-0.523599	637612678
1	2	1	6	1	4	3	32	32	0.946483	0.946483	0.946483	0	1.52658	-0.523599	637645446
1	2	1	6	1	6	1	32	32	0	0	0	32	1.24885	-0.174533	637588102
1	2	1	6	1	6	2	32	32	0	0	0	32	1.35938	-0.174533	637620870
1	2	1	6	1	6	3	32	32	0	0	0	32	1.52658	-0.174533	637653638
1	3	1	1	1	2	1	32	32	0.972837	0.972837	0.972837	0	0.937999	0.174533	637571082
1	3	1	1	1	2	2	32	32	0.924782	0.924782	0.924782	0	1.00819	0.174533	637603850
1	3	1	1	1	2	3	32	32	0.965878	0.965878	0.965878	0	1.10048	0.174533	637636618
1	3	1	1	1	4	1	32	32	0.969852	0.969852	0.969852	0	0.937999	0.523599	637579274
1	3	1	1	1	4	2	32	32	0.915819	0.915819	0.915819	0	1.00819	0.523599	637612042
1	3	1	1	1	4	3	32	32	0.546888	0.546888	0.546888	0	1.10048	0.523599	637644810
1	3	1	1	1	6	1	32	32	0.913185	0.913185	0.913185	0	0.937999	0.872665	637587466
1	3	1	1	1	6	2	32	32	0.899539	0.899539	0.899539	0	1.00819	0.872665	637620234
1	3	1	1	1	6	3	32	32	0.924175	0.924175	0.924175	0	1.10048	0.872665	637653002
1	3	1	2	1	2	1	32	32	0.979553	0.979553	0.979553	0	0.937999	1.22173	637571210
1	3	1	2	1	2	2	32	32	0.962416	0.962416	0.962416	0	1.00819	1.22173	637603978
1	3	1	2	1	2	3	32	32	0.971362	0.971362	0.971362	0	1.10048	1.22173	637636746
1	3	1	2	1	4	1	32	32	0.961258	0.961258	0.961258	0	0.937999	1.5708	637579402
1	3	1	2	1	4	2	32	32	0.890808	0.890808	0.890808	0	1.00819	1.5708	637612170
1	3	1	2	1	4	3	32	32	0.947775	0.947775	0.947775	0	1.10048	1.5708	637644938
1	3	1	2	1	6	1	32	32	0.955375	0.955375	0.955375	0	0.937999	1.91986	637587594
1	3	1	2	1	6	2	32	32	0.949923	0.949923	0.949923	0	1.00819	1.91986	637620362
1	3	1	2	1	6	3	32	32	0.970405	0.970405	0.970405	0	1.10048	1.91986	637653130
1	3	1	3	1	2	1	32	32	0	0	0	32	0.937999	2.26893	637571338
1	3	1	3	1	2	2	32	32	0	0	0	32	1.00819	2.26893	637604106
1	3	1	3	1	2	3	32	32	0	0	0	32	1.10048	2.26893	637636874
1	3	1	3	1	4	1	32	32	0.981976	0.981976	0.981976	0	0.937999	2.61799	637579530
1	3	1	3	1	4	2	32	32	0.965162	0.965162	0.965162	0	1.00819	2.61799	637612298
1	3	1	3	1	4	3	32	32	0.970568	0.970568	0.970568	0	1.10048	2.61799	637645066
1	3	1	3	1	6	1	32	32	0.987134	0.987134	0.987134	0	0.937999	2.96706	637587722
1	3	1	3	1	6	2	32	32	0.954643	0.954643	0.954643	0	1.00819	2.96706	637620490
1	3	1	3	1	6	3	32	32	0.969896	0.969896	0.969896	0	1.10048	2.96706	637653258
1	3	1	4	1	2	1	32	32	0.978684	0.978684	0.978684	0	0.937999	-2.96706	637571466
1	3	1	4	1	2	2	32	32	0.937794	0.937794	0.937794	0	1.00819	-2.96706	637604234
1	3	1	4	1	2	3	32	32	0.95321	0.95321	0.95321	0	1.10048	-2.96706	637637002
1	3	1	4	1	4	1	32	32	0.956048	0.956048	0.956048	0	0.937999	-2.61799	637579658
1	3	1	4	1	4	2	32	32	0.952261	0.952261	0.952261	0	1.00819	-2.61799	637612426
1	3	1	4	1	4	3	32	32	0.973008	0.973008	0.973008	0	1.10048	-2.61799	637645194
1	3	1	4	1	6	1	32	32	0.986264	0.986264	0.986264	0	0.937999	-2.26893	637587850
1	3	1	4	1	6	2	32	32	0.939675	0.939675	0.939675	0	1.00819	-2.26893	637620618
1	3	1	4	1	6	3	32	32	0.970901	0.970901	0.970901	0	1.10048	-2.26893	637653386
1	3	1	5	1	2	1	32	32	0.984506	0.984506	0.984506	0	0.937999	-1.91986	637571594
1	3	1	5	1	2	2	32	32	0.919354	0.919354	0.919354	0	1.00819	-1.91986	637604362
1	3	1	5	1	2	3	32	32	0.967672	0.967672	0.967672	0	1.10048	-1.91986	637637130
1	3	1	5	1	4	1	32	32	0.979334	0.979334	0.979334	0	0.937999	-1.5708	637579786
1	3	1	5	1	4	2	32	32	0.964459	0.964459	0.964459	0	1.00819	-1.5708	637612554
1	3	1	5	1	4	3	32	32	0.914058	0.914058	0.914058	0	1.10048	-1.5708	637645322
1	3	1	5	1	6	1	32	32	0.923236	0.923236	0.923236	0	0.937999	-1.22173	637587978
1	3	1	5	1	6	2	32	32	0.948952	0.948952	0.948952	0	1.00819	-1.22173	637620746
1	3	1	5	1	6	3	32	32	0.980338	0.980338	0.980338	0	1.10048	-1.22173	637653514
1	3	1	6	1	2	1	32	32	0.975523	0.975523	0.975523	0	0.937999	-0.872665	637571722
1	3	1	6	1	2	2	32	32	0.960166	0.960166	0.960166	0	1.00819	-0.872665	637604490
1	3	1	6	1	2	3	32	32	0.962977	0.962977	0.962977	0	1.10048	-0.872665	637637258
1	3	1	6	1	4	1	32	32	0.983033	0.983033	0.983033	0	0.937999	-0.523599	637579914
1	3	1	6	1	4	2	32	32	0.93572	0.93572	0.93572	0	1.00819	-0.523599	637612682
1	3	1	6	1	4	3	32	32	0.953324	0.953324	0.953324	0	1.10048	-0.523599	637645450
1	3	1	6	1	6	1	32	32	0.98674	0.98674	0.98674	0	0.937999	-0.174533	637588106
1	3	1	6	1	6	2	32	32	0.974178	0.974178	0.974178	0	1.00819	-0.174533	637620874
1	3	1	6	1	6	3	32	32	0.971422	0.971422	0.971422	0	1.10048	-0.174533	637653642
1	3	1	1	1	3	1	32	32	0.860495	0.860495	0.860495	0	0.942508	0.349066	637575178
1	3	1	1	1	3	2	32	32	0.782908	0.782908	0.782908	0	1.01289	0.349066	637607946
1	3	1	1	1	3	3	32	32	0.791229	0.791229	0.791229	0	1.10539	0.349066	637640714
1	3	1	1	1	5	1	32	32	0.976204	0.976204	0.976204	0	0.942508	0.698132	637583370
1	3	1	1	1	5	2	32	32	0.930593	0.930593	0.930593	0	1.01289	0.698132	637616138
1	3	1	1	1	5	3	32	32	0.969347	0.969347	0.969347	0	1.10539	0.698132	637648906
1	3	1	2	1	1	1	32	32	0.979144	0.979144	0.979144	0	0.942508	1.0472	637567114
1	3	1	2	1	1	2	32	32	0.942484	0.942484	0.942484	0	1.01289	1.0472	637599882
1	3	1	2	1	1	3	32	32	0.946702	0.946702	0.946702	0	1.10539	1.0472	637632650
1	3	1	2	1	3	1	32	32	0.890737	0.890737	0.890737	0	0.942508	1.39626	637575306
1	3	1	2	1	3	2	32	32	0.922262	0.922262	0.922262	0	1.01289	1.39626	637608074
1	3	1	2	1	3	3	32	32	0.943556	0.943556	0.943556	0	1.10539	1.39626	637640842
1	3	1	2	1	5	1	32	32	0.969076	0.969076	0.969076	0	0.942508	1.74533	637583498
1	3	1	2	1	5	2	32	32	0.93519	0.93519	0.93519	0	1.01289	1.74533	637616266
1	3	1	2	1	5	3	32	32	0.959847	0.959847	0.959847	0	1.10539	1.74533	637649034
1	3	1	3	1	1	1	32	32	0.985234	0.985234	0.985234	0	0.942508	2.0944	637567242
1	3	1	3	1	1	2	32	32	0.961876	0.961876	0.961876	0	1.01289	2.0944	637600010
1	3	1	3	1	1	3	32	32	0.96344	0.96344	0.96344	0	1.10539	2.0944	637632778
1	3	1	3	1	3	1	32	32	0.9683	0.9683	0.9683	0	0.942508	2.44346	637575434
1	3	1	3	1	3	2	32	32	0.957013	0.957013	0.957013	0	1.01289	2.44346	637608202
1	3	1	3	1	3	3	32	32	0.964214	0.964214	0.964214	0	1.10539	2.44346	637640970
1	3	1	3	1	5	1	32	32	0.985613	0.985613	0.985613	0	0.942508	2.79253	637583626
1	3	1	3	1	5	2	32	32	0.942702	0.942702	0.942702	0	1.01289	2.79253	637616394
1	3	1	3	1	5	3	32	32	0.964773	0.964773	0.964773	0	1.10539	2.79253	637649162
1	3	1	4	1	1	1	32	32	0.872612	0.872612	0.872612	0	0.942508	3.14159	637567370
1	3	1	4	1	1	2	32	32	0.678123	0.678123	0.678123	0	1.01289	3.14159	637600138
1	3	1	4	1	1	3	32	32	0.683392	0.683392	0.683392	0	1.10539	3.14159	637632906
1	3	1	4	1	3	1	32	32	0.975527	0.975527	0.975527	0	0.942508	-2.79253	637575562
1	3	1	4	1	3	2	32	32	0.966526	0.966526	0.966526	0	1.01289	-2.79253	637608330
1	3	1	4	1	3	3	32	32	0.980377	0.980377	0.980377	0	1.10539	-2.79253	637641098
1	3	1	4	1	5	1	32	32	0.97502	0.97502	0.97502	0	0.942508	-2.44346	637583754
1	3	1	4	1	5	2	32	32	0.949235	0.949235	0.949235	0	1.01289	-2.44346	637616522
1	3	1	4	1	5	3	32	32	0.97299	0.97299	0.97299	0	1.10539	-2.44346	637649290
1	3	1	5	1	1	1	32	32	0.799721	0.799721	0.799721	0	0.942508	-2.0944	637567498
1	3	1	5	1	1	2	32	32	0.662744	0.662744	0.662744	0	1.01289	-2.0944	637600266
1	3	1	5	1	1	3	32	32	0.69771	0.69771	0.69771	0	1.10539	-2.0944	637633034
1	3	1	5	1	3	1	32	32	0.929061	0.929061	0.929061	0	0.942508	-1.74533	637575690
1	3	1	5	1	3	2	32	32	0.908903	0.908903	0.908903	0	1.01289	-1.74533	637608458
1	3	1	5	1	3	3	32	32	0.949849	0.949849	0.949849	0	1.10539	-1.74533	637641226
1	3	1	5	1	5	1	32	32	0.719537	0.719537	0.719537	0	0.942508	-1.39626	637583882
1	3	1	5	1	5	2	32	32	0.963023	0.963023	0.963023	0	1.01289	-1.39626	637616650
1	3	1	5	1	5	3	32	32	0.976355	0.976355	0.976355	0	1.10539	-1.39626	637649418
1	3	1	6	1	1	1	32	32	0.967445	0.967445	0.967445	0	0.942508	-1.0472	637567626
1	3	1	6	1	1	2	32	32	0.956586	0.956586	0.956586	0	1.01289	-1.0472	637600394
1	3	1	6	1	1	3	32	32	0.975017	0.975017	0.975017	0	1.10539	-1.0472	637633162
1	3	1	6	1	3	1	32	32	0.729814	0.729814	0.729814	0	0.942508	-0.698132	637575818
1	3	1	6	1	3	2	32	32	0.650819	0.650819	0.650819	0	1.01289	-0.698132	637608586
1	3	1	6	1	3	3	32	32	0.73258	0.73258	0.73258	0	1.10539	-0.698132	637641354
1	3	1	6	1	5	1	32	32	0.979984	0.979984	0.979984	0	0.942508	-0.349066	637584010
1	3	1	6	1	5	2	32	32	0.943677	0.943677	0.943677	0	1.01289	-0.349066	637616778
1	3	1	6	1	5	3	32	32	0.972057	0.972057	0.972057	0	1.10539	-0.349066	637649546
1	3	1	1	1	1	1	32	32	0.978425	0.978425	0.978425	0	0.942508	-7.8739e-16	637566986
1	3	1	1	1	1	2	32	32	0.94156	0.94156	0.94156	0	1.01289	-8.1587e-16	637599754
1	3	1	1	1	1	3	32	32	0.971125	0.971125	0.971125	0	1.10539	-8.55731e-16	637632522
1	2	2	1	1	2	1	32	32	0.962094	0.962094	0.962094	0	1.2961	0.174533	637571110
1	2	2	1	1	2	2	32	32	0.970285	0.970285	0.970285	0	1.41396	0.174533	637603878
1	2	2	1	1	2	3	32	32	0.977187	0.977187	0.977187	0	1.53653	0.174533	637636646
1	3	2	1	1	2	1	32	32	0.95	0.95	0.95	0	1.00405	0.174533	637571114
1	3	2	1	1	2	2	32	32	0.896383	0.896383	0.896383	0	1.08373	0.174533	637603882
1	3	2	1	1	2	3	32	32	0.830091	0.830091	0.830091	0	1.18264	0.174533	637636650
1	2	2	1	1	4	1	32	32	0.972276	0.972276	0.972276	0	1.2961	0.523599	637579302
1	2	2	1	1	4	2	32	32	0.977382	0.977382	0.977382	0	1.41396	0.523599	637612070
1	2	2	1	1	4	3	32	32	0.984043	0.984043	0.984043	0	1.53653	0.523599	637644838
1	3	2	1	1	4	1	32	32	0.95	0.95	0.95	0	1.00405	0.523599	637579306
1	3	2	1	1	4	2	32	32	0.963016	0.963016	0.963016	0	1.08373	0.523599	637612074
1	3	2	1	1	4	3	32	32	0.958389	0.958389	0.958389	0	1.18264	0.523599	637644842
1	2	2	1	1	6	1	32	32	0.967932	0.967932	0.967932	0	1.2961	0.872665	637587494
1	2	2	1	1	6	2	32	32	0.97872	0.97872	0.97872	0	1.41396	0.872665	637620262
1	2	2	1	1	6	3	32	32	0.916229	0.916229	0.916229	0	1.53653	0.872665	637653030
1	3	2	1	1	6	1	32	32	0.95	0.95	0.95	0	1.00405	0.872665	637587498
1	3	2	1	1	6	2	32	32	0.951735	0.951735	0.951735	0	1.08373	0.872665	637620266
1	3	2	1	1	6	3	32	32	0.964166	0.964166	0.964166	0	1.18264	0.872665	637653034
1	2	2	2	1	2	1	32	32	0.957047	0.957047	0.957047	0	1.2961	1.22173	637571238
1	2	2	2	1	2	2	32	32	0.892091	0.892091	0.892091	0	1.41396	1.22173	637604006
1	2	2	2	1	2	3	32	32	0.986263	0.986263	0.986263	0	1.53653	1.22173	637636774
1	3	2	2	1	2	1	32	32	0.95	0.95	0.95	0	1.00405	1.22173	637571242
1	3	2	2	1	2	2	32	32	0.985066	0.985066	0.985066	0	1.08373	1.22173	637604010
1	3	2	2	1	2	3	32	32	0.920249	0.920249	0.920249	0	1.18264	1.22173	637636778
1	2	2	2	1	4	1	32	32	0.981259	0.981259	0.981259	0	1.2961	1.5708	637579430
1	2	2	2	1	4	2	32	32	0.980877	0.980877	0.980877	0	1.41396	1.5708	637612198
1	2	2	2	1	4	3	32	32	0.983173	0.983173	0.983173	0	1.53653	1.5708	637644966
1	3	2	2	1	4	1	32	32	0.95	0.95	0.95	0	1.00405	1.5708	637579434
1	3	2	2	1	4	2	32	32	0.977613	0.977613	0.977613	0	1.08373	1.5708	637612202
1	3	2	2	1	4	3	32	32	0.899338	0.899338	0.899338	0	1.18264	1.5708	637644970
1	2	2	2	1	6	1	32	32	0.966423	0.966423	0.966423	0	1.2961	1.91986	637587622
1	2	2	2	1	6	2	32	32	0.966186	0.966186	0.966186	0	1.41396	1.91986	637620390
1	2	2	2	1	6	3	32	32	0.981181	0.981181	0.981181	0	1.53653	1.91986	637653158
1	3	2	2	1	6	1	32	32	0.95	0.95	0.95	0	1.00405	1.91986	637587626
1	3	2	2	1	6	2	32	32	0.950268	0.950268	0.950268	0	1.08373	1.91986	637620394
1	3	2	2	1	6	3	32	32	0.967259	0.967259	0.967259	0	1.18264	1.91986	637653162
1	2	2	3	1	2	1	32	32	0.922267	0.922267	0.922267	0	1.2961	2.26893	637571366
1	2	2	3	1	2	2	32	32	0.976037	0.976037	0.976037	0	1.41396	2.26893	637604134
1	2	2	3	1	2	3	32	32	0.980228	0.980228	0.980228	0	1.53653	2.26893	637636902
1	3	2	3	1	2	1	32	32	0.95	0.95	0.95	0	1.00405	2.26893	637571370
1	3	2	3	1	2	2	32	32	0.964572	0.964572	0.964572	0	1.08373	2.26893	637604138
1	3	2	3	1	2	3	32	32	0.912923	0.912923	0.912923	0	1.18264	2.26893	637636906
1	2	2	3	1	4	1	32	32	0.957481	0.957481	0.957481	0	1.2961	2.61799	637579558
1	2	2	3	1	4	2	32	32	0.976682	0.976682	0.976682	0	1.41396	2.61799	637612326
1	2	2	3	1	4	3	32	32	0.986248	0.986248	0.986248	0	1.53653	2.61799	637645094
1	3	2	3	1	4	1	32	32	0.95	0.95	0.95	0	1.00405	2.61799	637579562
1	3	2	3	1	4	2	32	32	0.974616	0.974616	0.974616	0	1.08373	2.61799	637612330
1	3	2	3	1	4	3	32	32	0.946121	0.946121	0.946121	0	1.18264	2.61799	637645098
1	2	2	3	1	6	1	32	32	0.86852	0.86852	0.86852	0	1.2961	2.96706	637587750
1	2	2	3	1	6	2	32	32	0.937295	0.937295	0.937295	0	1.41396	2.96706	637620518
1	2	2	3	1	6	3	32	32	0.943426	0.943426	0.943426	0	1.53653	2.96706	637653286
1	3	2	3	1	6	1	32	32	0.95	0.95	0.95	0	1.00405	2.96706	637587754
1	3	2	3	1	6	2	32	32	0.914254	0.914254	0.914254	0	1.08373	2.96706	637620522
1	3	2	3	1	6	3	32	32	0.952607	0.952607	0.952607	0	1.18264	2.96706	637653290
1	2	2	4	1	2	1	32	32	0.87572	0.87572	0.87572	0	1.2961	-2.96706	637571494
1	2	2	4	1	2	2	32	32	0.972444	0.972444	0.972444	0	1.41396	-2.96706	637604262
1	2	2	4	1	2	3	32	32	0.979695	0.979695	0.979695	0	1.53653	-2.96706	637637030
1	3	2	4	1	2	1	32	32	0.95	0.95	0.95	0	1.00405	-2.96706	637571498
1	3	2	4	1	2	2	32	32	0.985862	0.985862	0.985862	0	1.08373	-2.96706	637604266
1	3	2	4	1	2	3	32	32	0.957929	0.957929	0.957929	0	1.18264	-2.96706	637637034
1	2	2	4	1	4	1	32	32	0.653108	0.653108	0.653108	0	1.2961	-2.61799	637579686
1	2	2	4	1	4	2	32	32	0.496006	0.496006	0.496006	0	1.41396	-2.61799	637612454
1	2	2	4	1	4	3	32	32	0.847446	0.847446	0.847446	0	1.53653	-2.61799	637645222
1	3	2	4	1	4	1	32	32	0.95	0.95	0.95	0	1.00405	-2.61799	637579690
1	3	2	4	1	4	2	32	32	0.935304	0.935304	0.935304	0	1.08373	-2.61799	637612458
1	3	2	4	1	4	3	32	32	0.872991	0.872991	0.872991	0	1.18264	-2.61799	637645226
1	2	2	4	1	6	1	32	32	0.951624	0.951624	0.951624	0	1.2961	-2.26893	637587878
1	2	2	4	1	6	2	32	32	0.981687	0.981687	0.981687	0	1.41396	-2.26893	637620646
1	2	2	4	1	6	3	32	32	0.985337	0.985337	0.985337	0	1.53653	-2.26893	637653414
1	3	2	4	1	6	1	32	32	0.95	0.95	0.95	0	1.00405	-2.26893	637587882
1	3	2	4	1	6	2	32	32	0.962421	0.962421	0.962421	0	1.08373	-2.26893	637620650
1	3	2	4	1	6	3	32	32	0.956284	0.956284	0.956284	0	1.18264	-2.26893	637653418
1	2	2	5	1	2	1	32	32	0.950985	0.950985	0.950985	0	1.2961	-1.91986	637571622
1	2	2	5	1	2	2	32	32	0.971543	0.971543	0.971543	0	1.41396	-1.91986	637604390
1	2	2	5	1	2	3	32	32	0.97301	0.97301	0.97301	0	1.53653	-1.91986	637637158
1	3	2	5	1	2	1	32	32	0.95	0.95	0.95	0	1.00405	-1.91986	637571626
1	3	2	5	1	2	2	32	32	0.953107	0.953107	0.953107	0	1.08373	-1.91986	637604394
1	3	2	5	1	2	3	32	32	0.960767	0.960767	0.960767	0	1.18264	-1.91986	637637162
1	2	2	5	1	4	1	32	32	0.964715	0.964715	0.964715	0	1.2961	-1.5708	637579814
1	2	2	5	1	4	2	32	32	0.980803	0.980803	0.980803	0	1.41396	-1.5708	637612582
1	2	2	5	1	4	3	32	32	0.990884	0.990884	0.990884	0	1.53653	-1.5708	637645350
1	3	2	5	1	4	1	32	32	0.95	0.95	0.95	0	1.00405	-1.5708	637579818
1	3	2	5	1	4	2	32	32	0.943186	0.943186	0.943186	0	1.08373	-1.5708	637612586
1	3	2	5	1	4	3	32	32	0.929312	0.929312	0.929312	0	1.18264	-1.5708	637645354
1	2	2	5	1	6	1	32	32	0.970359	0.970359	0.970359	0	1.2961	-1.22173	637588006
1	2	2	5	1	6	2	32	32	0.977076	0.977076	0.977076	0	1.41396	-1.22173	637620774
1	2	2	5	1	6	3	32	32	0.983069	0.983069	0.983069	0	1.53653	-1.22173	637653542
1	3	2	5	1	6	1	32	32	0.95	0.95	0.95	0	1.00405	-1.22173	637588010
1	3	2	5	1	6	2	32	32	0.938075	0.938075	0.938075	0	1.08373	-1.22173	637620778
1	3	2	5	1	6	3	32	32	0.965313	0.965313	0.965313	0	1.18264	-1.22173	637653546
1	2	2	6	1	2	1	32	32	0.911829	0.911829	0.911829	0	1.2961	-0.872665	637571750
1	2	2	6	1	2	2	32	32	0.972227	0.972227	0.972227	0	1.41396	-0.872665	637604518
1	2	2	6	1	2	3	32	32	0.974323	0.974323	0.974323	0	1.53653	-0.872665	637637286
1	3	2	6	1	2	1	32	32	0.95	0.95	0.95	0	1.00405	-0.872665	637571754
1	3	2	6	1	2	2	32	32	0.886537	0.886537	0.886537	0	1.08373	-0.872665	637604522
1	3	2	6	1	2	3	32	32	0.727445	0.727445	0.727445	0	1.18264	-0.872665	637637290
1	2	2	6	1	4	1	32	32	0.955436	0.955436	0.955436	0	1.2961	-0.523599	637579942
1	2	2	6	1	4	2	32	32	0.968329	0.968329	0.968329	0	1.41396	-0.523599	637612710
1	2	2	6	1	4	3	32	32	0.979109	0.979109	0.979109	0	1.53653	-0.523599	637645478
1	3	2	6	1	4	1	32	32	0.95	0.95	0.95	0	1.00405	-0.523599	637579946
1	3	2	6	1	4	2	32	32	0.971847	0.971847	0.971847	0	1.08373	-0.523599	637612714
1	3	2	6	1	4	3	32	32	0.884664	0.884664	0.884664	0	1.18264	-0.523599	637645482
1	2	2	6	1	6	1	32	32	0.87263	0.87263	0.87263	0	1.2961	-0.174533	637588134
1	2	2	6	1	6	2	32	32	0.90766	0.90766	0.90766	0	1.41396	-0.174533	637620902
1	2	2	6	1	6	3	32	32	0.939854	0.939854	0.939854	0	1.53653	-0.174533	637653670
1	3	2	6	1	6	1	32	32	0.95	0.95	0.95	0	1.00405	-0.174533	637588138
1	3	2	6	1	6	2	32	32	0.834263	0.834263	0.834263	0	1.08373	-0.174533	637620906
1	3	2	6	1	6	3	32	32	0.86301	0.86301	0.86301	0	1.18264	-0.174533	637653674
1	2	2	1	1	3	1	32	32	0.839552	0.839552	0.839552	0	1.30089	0.349066	637575206
1	2	2	1	1	3	2	32	32	0.879613	0.879613	0.879613	0	1.41891	0.349066	637607974
1	2	2	1	1	3	3	32	32	0.93932	0.93932	0.93932	0	1.54161	0.349066	637640742
1	3	2	1	1	3	1	32	32	0.95	0.95	0.95	0	1.0083	0.349066	637575210
1	3	2	1	1	3	2	32	32	0.845877	0.845877	0.845877	0	1.08815	0.349066	637607978
1	3	2	1	1	3	3	32	32	0.802259	0.802259	0.802259	0	1.18726	0.349066	637640746
1	2	2	1	1	5	1	32	32	0.952796	0.952796	0.952796	0	1.30089	0.698132	637583398
1	2	2	1	1	5	2	32	32	0.951481	0.951481	0.951481	0	1.41891	0.698132	637616166
1	2	2	1	1	5	3	32	32	0.988461	0.988461	0.988461	0	1.54161	0.698132	637648934
1	3	2	1	1	5	1	32	32	0.95	0.95	0.95	0	1.0083	0.698132	637583402
1	3	2	1	1	5	2	32	32	0.901777	0.901777	0.901777	0	1.08815	0.698132	637616170
1	3	2	1	1	5	3	32	32	0.780994	0.780994	0.780994	0	1.18726	0.698132	637648938
1	2	2	2	1	1	1	32	32	0.946366	0.946366	0.946366	0	1.30089	1.0472	637567142
1	2	2	2	1	1	2	32	32	0.937382	0.937382	0.937382	0	1.41891	1.0472	637599910
1	2	2	2	1	1	3	32	32	0.987986	0.987986	0.987986	0	1.54161	1.0472	637632678
1	3	2	2	1	1	1	32	32	0.95	0.95	0.95	0	1.0083	1.0472	637567146
1	3	2	2	1	1	2	32	32	0.962133	0.962133	0.962133	0	1.08815	1.0472	637599914
1	3	2	2	1	1	3	32	32	0.882371	0.882371	0.882371	0	1.18726	1.0472	637632682
1	2	2	2	1	3	1	32	32	0.962551	0.962551	0.962551	0	1.30089	1.39626	637575334
1	2	2	2	1	3	2	32	32	0.960083	0.960083	0.960083	0	1.41891	1.39626	637608102
1	2	2	2	1	3	3	32	32	0.987363	0.987363	0.987363	0	1.54161	1.39626	637640870
1	3	2	2	1	3	1	32	32	0.95	0.95	0.95	0	1.0083	1.39626	637575338
1	3	2	2	1	3	2	32	32	0.894525	0.894525	0.894525	0	1.08815	1.39626	637608106
1	3	2	2	1	3	3	32	32	0.841694	0.841694	0.841694	0	1.18726	1.39626	637640874
1	2	2	2	1	5	1	32	32	0.977419	0.977419	0.977419	0	1.30089	1.74533	637583526
1	2	2	2	1	5	2	32	32	0.962293	0.962293	0.962293	0	1.41891	1.74533	637616294
1	2	2	2	1	5	3	32	32	0.986937	0.986937	0.986937	0	1.54161	1.74533	637649062
1	3	2	2	1	5	1	32	32	0.95	0.95	0.95	0	1.0083	1.74533	637583530
1	3	2	2	1	5	2	32	32	0.881839	0.881839	0.881839	0	1.08815	1.74533	637616298
1	3	2	2	1	5	3	32	32	0.755258	0.755258	0.755258	0	1.18726	1.74533	637649066
1	2	2	3	1	1	1	32	32	0.944849	0.944849	0.944849	0	1.30089	2.0944	637567270
1	2	2	3	1	1	2	32	32	0.860036	0.860036	0.860036	0	1.41891	2.0944	637600038
1	2	2	3	1	1	3	32	32	0.909005	0.909005	0.909005	0	1.54161	2.0944	637632806
1	3	2	3	1	1	1	32	32	0.95	0.95	0.95	0	1.0083	2.0944	637567274
1	3	2	3	1	1	2	32	32	0.920905	0.920905	0.920905	0	1.08815	2.0944	637600042
1	3	2	3	1	1	3	32	32	0.82749	0.82749	0.82749	0	1.18726	2.0944	637632810
1	2	2	3	1	3	1	32	32	0.849739	0.849739	0.849739	0	1.30089	2.44346	637575462
1	2	2	3	1	3	2	32	32	0.969047	0.969047	0.969047	0	1.41891	2.44346	637608230
1	2	2	3	1	3	3	32	32	0.996031	0.996031	0.996031	0	1.54161	2.44346	637640998
1	3	2	3	1	3	1	32	32	0.95	0.95	0.95	0	1.0083	2.44346	637575466
1	3	2	3	1	3	2	32	32	0.822048	0.822048	0.822048	0	1.08815	2.44346	637608234
1	3	2	3	1	3	3	32	32	0.712695	0.712695	0.712695	0	1.18726	2.44346	637641002
1	2	2	3	1	5	1	32	32	0.977185	0.977185	0.977185	0	1.30089	2.79253	637583654
1	2	2	3	1	5	2	32	32	0.949596	0.949596	0.949596	0	1.41891	2.79253	637616422
1	2	2	3	1	5	3	32	32	0.98951	0.98951	0.98951	0	1.54161	2.79253	637649190
1	3	2	3	1	5	1	32	32	0.95	0.95	0.95	0	1.0083	2.79253	637583658
1	3	2	3	1	5	2	32	32	0.947744	0.947744	0.947744	0	1.08815	2.79253	637616426
1	3	2	3	1	5	3	32	32	0.884747	0.884747	0.884747	0	1.18726	2.79253	637649194
1	2	2	4	1	1	1	32	32	0.949207	0.949207	0.949207	0	1.30089	3.14159	637567398
1	2	2	4	1	1	2	32	32	0.928405	0.928405	0.928405	0	1.41891	3.14159	637600166
1	2	2	4	1	1	3	32	32	0.965926	0.965926	0.965926	0	1.54161	3.14159	637632934
1	3	2	4	1	1	1	32	32	0.95	0.95	0.95	0	1.0083	3.14159	637567402
1	3	2	4	1	1	2	32	32	0.841769	0.841769	0.841769	0	1.08815	3.14159	637600170
1	3	2	4	1	1	3	32	32	0.805099	0.805099	0.805099	0	1.18726	3.14159	637632938
1	2	2	4	1	3	1	32	32	0.980401	0.980401	0.980401	0	1.30089	-2.79253	637575590
1	2	2	4	1	3	2	32	32	0.965708	0.965708	0.965708	0	1.41891	-2.79253	637608358
1	2	2	4	1	3	3	32	32	0.995603	0.995603	0.995603	0	1.54161	-2.79253	637641126
1	3	2	4	1	3	1	32	32	0.95	0.95	0.95	0	1.0083	-2.79253	637575594
1	3	2	4	1	3	2	32	32	0.910761	0.910761	0.910761	0	1.08815	-2.79253	637608362
1	3	2	4	1	3	3	32	32	0.913185	0.913185	0.913185	0	1.18726	-2.79253	637641130
1	2	2	4	1	5	1	32	32	0.607086	0.607086	0.607086	0	1.30089	-2.44346	637583782
1	2	2	4	1	5	2	32	32	0.944523	0.944523	0.944523	0	1.41891	-2.44346	637616550
1	2	2	4	1	5	3	32	32	0.989914	0.989914	0.989914	0	1.54161	-2.44346	637649318
1	3	2	4	1	5	1	32	32	0.95	0.95	0.95	0	1.0083	-2.44346	637583786
1	3	2	4	1	5	2	32	32	0.831569	0.831569	0.831569	0	1.08815	-2.44346	637616554
1	3	2	4	1	5	3	32	32	0.549982	0.549982	0.549982	0	1.18726	-2.44346	637649322
1	2	2	5	1	1	1	32	32	0.962026	0.962026	0.962026	0	1.30089	-2.0944	637567526
1	2	2	5	1	1	2	32	32	0.942888	0.942888	0.942888	0	1.41891	-2.0944	637600294
1	2	2	5	1	1	3	32	32	0.989376	0.989376	0.989376	0	1.54161	-2.0944	637633062
1	3	2	5	1	1	1	32	32	0.95	0.95	0.95	0	1.0083	-2.0944	637567530
1	3	2	5	1	1	2	32	32	0.936589	0.936589	0.936589	0	1.08815	-2.0944	637600298
1	3	2	5	1	1	3	32	32	0.921691	0.921691	0.921691	0	1.18726	-2.0944	637633066
1	2	2	5	1	3	1	32	32	0.977395	0.977395	0.977395	0	1.30089	-1.74533	637575718
1	2	2	5	1	3	2	32	32	0.923298	0.923298	0.923298	0	1.41891	-1.74533	637608486
1	2	2	5	1	3	3	32	32	0.980169	0.980169	0.980169	0	1.54161	-1.74533	637641254
1	3	2	5	1	3	1	32	32	0.95	0.95	0.95	0	1.0083	-1.74533	637575722
1	3	2	5	1	3	2	32	32	0.916461	0.916461	0.916461	0	1.08815	-1.74533	637608490
1	3	2	5	1	3	3	32	32	0.857926	0.857926	0.857926	0	1.18726	-1.74533	637641258
1	2	2	5	1	5	1	32	32	0.975198	0.975198	0.975198	0	1.30089	-1.39626	637583910
1	2	2	5	1	5	2	32	32	0.927839	0.927839	0.927839	0	1.41891	-1.39626	637616678
1	2	2	5	1	5	3	32	32	0.982195	0.982195	0.982195	0	1.54161	-1.39626	637649446
1	3	2	5	1	5	1	32	32	0.95	0.95	0.95	0	1.0083	-1.39626	637583914
1	3	2	5	1	5	2	32	32	0.945923	0.945923	0.945923	0	1.08815	-1.39626	637616682
1	3	2	5	1	5	3	32	32	0.895667	0.895667	0.895667	0	1.18726	-1.39626	637649450
1	2	2	6	1	1	1	32	32	0.960052	0.960052	0.960052	0	1.30089	-1.0472	637567654
1	2	2	6	1	1	2	32	32	0.953781	0.953781	0.953781	0	1.41891	-1.0472	637600422
1	2	2	6	1	1	3	32	32	0.991953	0.991953	0.991953	0	1.54161	-1.0472	637633190
1	3	2	6	1	1	1	32	32	0.95	0.95	0.95	0	1.0083	-1.0472	637567658
1	3	2	6	1	1	2	32	32	0.924816	0.924816	0.924816	0	1.08815	-1.0472	637600426
1	3	2	6	1	1	3	32	32	0.650835	0.650835	0.650835	0	1.18726	-1.0472	637633194
1	2	2	6	1	3	1	32	32	0.958353	0.958353	0.958353	0	1.30089	-0.698132	637575846
1	2	2	6	1	3	2	32	32	0.937042	0.937042	0.937042	0	1.41891	-0.698132	637608614
1	2	2	6	1	3	3	32	32	0.989898	0.989898	0.989898	0	1.54161	-0.698132	637641382
1	3	2	6	1	3	1	32	32	0.95	0.95	0.95	0	1.0083	-0.698132	637575850
1	3	2	6	1	3	2	32	32	0.39786	0.39786	0.39786	0	1.08815	-0.698132	637608618
1	3	2	6	1	3	3	32	32	0.537188	0.537188	0.537188	0	1.18726	-0.698132	637641386
1	2	2	6	1	5	1	32	32	0.9606	0.9606	0.9606	0	1.30089	-0.349066	637584038
1	2	2	6	1	5	2	32	32	0.935256	0.935256	0.935256	0	1.41891	-0.349066	637616806
1	2	2	6	1	5	3	32	32	0.989027	0.989027	0.989027	0	1.54161	-0.349066	637649574
1	3	2	6	1	5	1	32	32	0.95	0.95	0.95	0	1.0083	-0.349066	637584042
1	3	2	6	1	5	2	32	32	0.943649	0.943649	0.943649	0	1.08815	-0.349066	637616810
1	3	2	6	1	5	3	32	32	0.66892	0.66892	0.66892	0	1.18726	-0.349066	637649578
1	2	2	1	1	1	1	32	32	0.845205	0.845205	0.845205	0	1.30089	-9.86304e-16	637567014
1	2	2	1	1	1	2	32	32	0.809596	0.809596	0.809596	0	1.41891	-1.09216e-15	637599782
1	2	2	1	1	1	3	32	32	0.927197	0.927197	0.927197	0	1.54161	-1.21466e-15	637632550
1	3	2	1	1	1	1	32	32	0.95	0.95	0.95	0	1.0083	-7.98921e-16	637567018
1	3	2	1	1	1	2	32	32	0.951867	0.951867	0.951867	0	1.08815	-8.57784e-16	637599786
1	3	2	1	1	1	3	32	32	0.788887	0.788887	0.788887	0	1.18726	-9.36257e-16	637632554
1	2	3	1	1	2	1	32	32	0.926207	0.926207	0.926207	0	1.4792	0.174533	637571142
1	2	3	1	1	2	2	32	32	0.916506	0.916506	0.916506	0	1.60206	0.174533	637603910
1	2	3	1	1	2	3	32	32	0.95	0.95	0.95	0	1.72877	0.174533	637636678
1	3	3	1	1	2	1	32	32	0.910626	0.910626	0.910626	0	1.169	0.174533	637571146
1	3	3	1	1	2	2	32	32	0.83998	0.83998	0.83998	0	1.2546	0.174533	637603914
1	3	3	1	1	2	3	32	32	0.98475	0.98475	0.98475	0	1.35979	0.174533	637636682
1	2	3	1	1	4	1	32	32	0.826757	0.826757	0.826757	0	1.4792	0.523599	637579334
1	2	3	1	1	4	2	32	32	0.615723	0.615723	0.615723	0	1.60206	0.523599	637612102
1	2	3	1	1	4	3	32	32	0.95	0.95	0.95	0	1.72877	0.523599	637644870
1	3	3	1	1	4	1	32	32	0.957227	0.957227	0.957227	0	1.169	0.523599	637579338
1	3	3	1	1	4	2	32	32	0.724535	0.724535	0.724535	0	1.2546	0.523599	637612106
1	3	3	1	1	4	3	32	32	0.980944	0.980944	0.980944	0	1.35979	0.523599	637644874
1	2	3	1	1	6	1	32	32	0.953423	0.953423	0.953423	0	1.4792	0.872665	637587526
1	2	3	1	1	6	2	32	32	0.726015	0.726015	0.726015	0	1.60206	0.872665	637620294
1	2	3	1	1	6	3	32	32	0.95	0.95	0.95	0	1.72877	0.872665	637653062
1	3	3	1	1	6	1	32	32	0.95516	0.95516	0.95516	0	1.169	0.872665	637587530
1	3	3	1	1	6	2	32	32	0.875416	0.875416	0.875416	0	1.2546	0.872665	637620298
1	3	3	1	1	6	3	32	32	0.962247	0.962247	0.962247	0	1.35979	0.872665	637653066
1	2	3	2	1	2	1	32	32	0.859264	0.859264	0.859264	0	1.4792	1.22173	637571270
1	2	3	2	1	2	2	32	32	0.748542	0.748542	0.748542	0	1.60206	1.22173	637604038
1	2	3	2	1	2	3	32	32	0.95	0.95	0.95	0	1.72877	1.22173	637636806
1	3	3	2	1	2	1	32	32	0.936791	0.936791	0.936791	0	1.169	1.22173	637571274
1	3	3	2	1	2	2	32	32	0.805478	0.805478	0.805478	0	1.2546	1.22173	637604042
1	3	3	2	1	2	3	32	32	0.974824	0.974824	0.974824	0	1.35979	1.22173	637636810
1	2	3	2	1	4	1	32	32	0.958851	0.958851	0.958851	0	1.4792	1.5708	637579462
1	2	3	2	1	4	2	32	32	0.948971	0.948971	0.948971	0	1.60206	1.5708	637612230
1	2	3	2	1	4	3	32	32	0.95	0.95	0.95	0	1.72877	1.5708	637644998
1	3	3	2	1	4	1	32	32	0.960911	0.960911	0.960911	0	1.169	1.5708	637579466
1	3	3	2	1	4	2	32	32	0.740182	0.740182	0.740182	0	1.2546	1.5708	637612234
1	3	3	2	1	4	3	32	32	0.975119	0.975119	0.975119	0	1.35979	1.5708	637645002
1	2	3	2	1	6	1	32	32	0.964428	0.964428	0.964428	0	1.4792	1.91986	637587654
1	2	3	2	1	6	2	32	32	0.943872	0.943872	0.943872	0	1.60206	1.91986	637620422
1	2	3	2	1	6	3	32	32	0.95	0.95	0.95	0	1.72877	1.91986	637653190
1	3	3	2	1	6	1	32	32	0.951672	0.951672	0.951672	0	1.169	1.91986	637587658
1	3	3	2	1	6	2	32	32	0.841448	0.841448	0.841448	0	1.2546	1.91986	637620426
1	3	3	2	1	6	3	32	32	0.980734	0.980734	0.980734	0	1.35979	1.91986	637653194
1	2	3	3	1	2	1	32	32	0.894144	0.894144	0.894144	0	1.4792	2.26893	637571398
1	2	3	3	1	2	2	32	32	0.871357	0.871357	0.871357	0	1.60206	2.26893	637604166
1	2	3	3	1	2	3	32	32	0.95	0.95	0.95	0	1.72877	2.26893	637636934
1	3	3	3	1	2	1	32	32	0.934225	0.934225	0.934225	0	1.169	2.26893	637571402
1	3	3	3	1	2	2	32	32	0.838377	0.838377	0.838377	0	1.2546	2.26893	637604170
1	3	3	3	1	2	3	32	32	0.982689	0.982689	0.982689	0	1.35979	2.26893	637636938
1	2	3	3	1	4	1	32	32	0.887265	0.887265	0.887265	0	1.4792	2.61799	637579590
1	2	3	3	1	4	2	32	32	0.87483	0.87483	0.87483	0	1.60206	2.61799	637612358
1	2	3	3	1	4	3	32	32	0.95	0.95	0.95	0	1.72877	2.61799	637645126
1	3	3	3	1	4	1	32	32	0.938156	0.938156	0.938156	0	1.169	2.61799	637579594
1	3	3	3	1	4	2	32	32	0.665086	0.665086	0.665086	0	1.2546	2.61799	637612362
1	3	3	3	1	4	3	32	32	0.958743	0.958743	0.958743	0	1.35979	2.61799	637645130
1	2	3	3	1	6	1	32	32	0.816786	0.816786	0.816786	0	1.4792	2.96706	637587782
1	2	3	3	1	6	2	32	32	0.693615	0.693615	0.693615	0	1.60206	2.96706	637620550
1	2	3	3	1	6	3	32	32	0.95	0.95	0.95	0	1.72877	2.96706	637653318
1	3	3	3	1	6	1	32	32	0.905988	0.905988	0.905988	0	1.169	2.96706	637587786
1	3	3	3	1	6	2	32	32	0.852931	0.852931	0.852931	0	1.2546	2.96706	637620554
1	3	3	3	1	6	3	32	32	0.968314	0.968314	0.968314	0	1.35979	2.96706	637653322
1	2	3	4	1	2	1	32	32	0.905044	0.905044	0.905044	0	1.4792	-2.96706	637571526
1	2	3	4	1	2	2	32	32	0.876597	0.876597	0.876597	0	1.60206	-2.96706	637604294
1	2	3	4	1	2	3	32	32	0.95	0.95	0.95	0	1.72877	-2.96706	637637062
1	3	3	4	1	2	1	32	32	0.886249	0.886249	0.886249	0	1.169	-2.96706	637571530
1	3	3	4	1	2	2	32	32	0.833424	0.833424	0.833424	0	1.2546	-2.96706	637604298
1	3	3	4	1	2	3	32	32	0.983642	0.983642	0.983642	0	1.35979	-2.96706	637637066
1	2	3	4	1	4	1	32	32	0.896316	0.896316	0.896316	0	1.4792	-2.61799	637579718
1	2	3	4	1	4	2	32	32	0.893637	0.893637	0.893637	0	1.60206	-2.61799	637612486
1	2	3	4	1	4	3	32	32	0.95	0.95	0.95	0	1.72877	-2.61799	637645254
1	3	3	4	1	4	1	32	32	0.968866	0.968866	0.968866	0	1.169	-2.61799	637579722
1	3	3	4	1	4	2	32	32	0.78116	0.78116	0.78116	0	1.2546	-2.61799	637612490
1	3	3	4	1	4	3	32	32	0.976936	0.976936	0.976936	0	1.35979	-2.61799	637645258
1	2	3	4	1	6	1	32	32	0.93213	0.93213	0.93213	0	1.4792	-2.26893	637587910
1	2	3	4	1	6	2	32	32	0.656664	0.656664	0.656664	0	1.60206	-2.26893	637620678
1	2	3	4	1	6	3	32	32	0.95	0.95	0.95	0	1.72877	-2.26893	637653446
1	3	3	4	1	6	1	32	32	0.816244	0.816244	0.816244	0	1.169	-2.26893	637587914
1	3	3	4	1	6	2	32	32	0.808823	0.808823	0.808823	0	1.2546	-2.26893	637620682
1	3	3	4	1	6	3	32	32	0.934322	0.934322	0.934322	0	1.35979	-2.26893	637653450
1	2	3	5	1	2	1	32	32	0.919166	0.919166	0.919166	0	1.4792	-1.91986	637571654
1	2	3	5	1	2	2	32	32	0.836167	0.836167	0.836167	0	1.60206	-1.91986	637604422
1	2	3	5	1	2	3	32	32	0.95	0.95	0.95	0	1.72877	-1.91986	637637190
1	3	3	5	1	2	1	32	32	0.782166	0.782166	0.782166	0	1.169	-1.91986	637571658
1	3	3	5	1	2	2	32	32	0.848309	0.848309	0.848309	0	1.2546	-1.91986	637604426
1	3	3	5	1	2	3	32	32	0.962299	0.962299	0.962299	0	1.35979	-1.91986	637637194
1	2	3	5	1	4	1	32	32	0.983559	0.983559	0.983559	0	1.4792	-1.5708	637579846
1	2	3	5	1	4	2	32	32	0.950827	0.950827	0.950827	0	1.60206	-1.5708	637612614
1	2	3	5	1	4	3	32	32	0.95	0.95	0.95	0	1.72877	-1.5708	637645382
1	3	3	5	1	4	1	32	32	0.704932	0.704932	0.704932	0	1.169	-1.5708	637579850
1	3	3	5	1	4	2	32	32	0.65313	0.65313	0.65313	0	1.2546	-1.5708	637612618
1	3	3	5	1	4	3	32	32	0.962122	0.962122	0.962122	0	1.35979	-1.5708	637645386
1	2	3	5	1	6	1	32	32	0.901696	0.901696	0.901696	0	1.4792	-1.22173	637588038
1	2	3	5	1	6	2	32	32	0.942131	0.942131	0.942131	0	1.60206	-1.22173	637620806
1	2	3	5	1	6	3	32	32	0.95	0.95	0.95	0	1.72877	-1.22173	637653574
1	3	3	5	1	6	1	32	32	0.790788	0.790788	0.790788	0	1.169	-1.22173	637588042
1	3	3	5	1	6	2	32	32	0.664959	0.664959	0.664959	0	1.2546	-1.22173	637620810
1	3	3	5	1	6	3	32	32	0.928098	0.928098	0.928098	0	1.35979	-1.22173	637653578
1	2	3	6	1	2	1	32	32	0.904317	0.904317	0.904317	0	1.4792	-0.872665	637571782
1	2	3	6	1	2	2	32	32	0.87537	0.87537	0.87537	0	1.60206	-0.872665	637604550
1	2	3	6	1	2	3	32	32	0.95	0.95	0.95	0	1.72877	-0.872665	637637318
1	3	3	6	1	2	1	32	32	0.854092	0.854092	0.854092	0	1.169	-0.872665	637571786
1	3	3	6	1	2	2	32	32	0.81542	0.81542	0.81542	0	1.2546	-0.872665	637604554
1	3	3	6	1	2	3	32	32	0.986069	0.986069	0.986069	0	1.35979	-0.872665	637637322
1	2	3	6	1	4	1	32	32	0.910991	0.910991	0.910991	0	1.4792	-0.523599	637579974
1	2	3	6	1	4	2	32	32	0.880183	0.880183	0.880183	0	1.60206	-0.523599	637612742
1	2	3	6	1	4	3	32	32	0.95	0.95	0.95	0	1.72877	-0.523599	637645510
1	3	3	6	1	4	1	32	32	0.839921	0.839921	0.839921	0	1.169	-0.523599	637579978
1	3	3	6	1	4	2	32	32	0.828816	0.828816	0.828816	0	1.2546	-0.523599	637612746
1	3	3	6	1	4	3	32	32	0.979256	0.979256	0.979256	0	1.35979	-0.523599	637645514
1	2	3	6	1	6	1	32	32	0.960454	0.960454	0.960454	0	1.4792	-0.174533	637588166
1	2	3	6	1	6	2	32	32	0.508345	0.508345	0.508345	0	1.60206	-0.174533	637620934
1	2	3	6	1	6	3	32	32	0.95	0.95	0.95	0	1.72877	-0.174533	637653702
1	3	3	6	1	6	1	32	32	0.643413	0.643413	0.643413	0	1.169	-0.174533	637588170
1	3	3	6	1	6	2	32	32	0.680112	0.680112	0.680112	0	1.2546	-0.174533	637620938
1	3	3	6	1	6	3	32	32	0.987421	0.987421	0.987421	0	1.35979	-0.174533	637653706
1	2	3	1	1	3	1	32	32	0.974969	0.974969	0.974969	0	1.48328	0.349066	637575238
1	2	3	1	1	3	2	32	32	0.949978	0.949978	0.949978	0	1.60623	0.349066	637608006
1	2	3	1	1	3	3	32	32	0.95	0.95	0.95	0	1.73302	0.349066	637640774
1	3	3	1	1	3	1	32	32	0.941681	0.941681	0.941681	0	1.17273	0.349066	637575242
1	3	3	1	1	3	2	32	32	0.898132	0.898132	0.898132	0	1.25844	0.349066	637608010
1	3	3	1	1	3	3	32	32	0.9711	0.9711	0.9711	0	1.36376	0.349066	637640778
1	2	3	1	1	5	1	32	32	0.9355	0.9355	0.9355	0	1.48328	0.698132	637583430
1	2	3	1	1	5	2	32	32	0.922801	0.922801	0.922801	0	1.60623	0.698132	637616198
1	2	3	1	1	5	3	32	32	0.95	0.95	0.95	0	1.73302	0.698132	637648966
1	3	3	1	1	5	1	32	32	0.938007	0.938007	0.938007	0	1.17273	0.698132	637583434
1	3	3	1	1	5	2	32	32	0.912766	0.912766	0.912766	0	1.25844	0.698132	637616202
1	3	3	1	1	5	3	32	32	0.959739	0.959739	0.959739	0	1.36376	0.698132	637648970
1	2	3	2	1	1	1	32	32	0.951786	0.951786	0.951786	0	1.48328	1.0472	637567174
1	2	3	2	1	1	2	32	32	0.913943	0.913943	0.913943	0	1.60623	1.0472	637599942
1	2	3	2	1	1	3	32	32	0.95	0.95	0.95	0	1.73302	1.0472	637632710
1	3	3	2	1	1	1	32	32	0.949391	0.949391	0.949391	0	1.17273	1.0472	637567178
1	3	3	2	1	1	2	32	32	0.914039	0.914039	0.914039	0	1.25844	1.0472	637599946
1	3	3	2	1	1	3	32	32	0.971524	0.971524	0.971524	0	1.36376	1.0472	637632714
1	2	3	2	1	3	1	32	32	0.867938	0.867938	0.867938	0	1.48328	1.39626	637575366
1	2	3	2	1	3	2	32	32	0.817455	0.817455	0.817455	0	1.60623	1.39626	637608134
1	2	3	2	1	3	3	32	32	0.95	0.95	0.95	0	1.73302	1.39626	637640902
1	3	3	2	1	3	1	32	32	0.942205	0.942205	0.942205	0	1.17273	1.39626	637575370
1	3	3	2	1	3	2	32	32	0.939199	0.939199	0.939199	0	1.25844	1.39626	637608138
1	3	3	2	1	3	3	32	32	0.972463	0.972463	0.972463	0	1.36376	1.39626	637640906
1	2	3	2	1	5	1	32	32	0.852267	0.852267	0.852267	0	1.48328	1.74533	637583558
1	2	3	2	1	5	2	32	32	0.860838	0.860838	0.860838	0	1.60623	1.74533	637616326
1	2	3	2	1	5	3	32	32	0.95	0.95	0.95	0	1.73302	1.74533	637649094
1	3	3	2	1	5	1	32	32	0.93419	0.93419	0.93419	0	1.17273	1.74533	637583562
1	3	3	2	1	5	2	32	32	0.936738	0.936738	0.936738	0	1.25844	1.74533	637616330
1	3	3	2	1	5	3	32	32	0.975168	0.975168	0.975168	0	1.36376	1.74533	637649098
1	2	3	3	1	1	1	32	32	0.920246	0.920246	0.920246	0	1.48328	2.0944	637567302
1	2	3	3	1	1	2	32	32	0.880117	0.880117	0.880117	0	1.60623	2.0944	637600070
1	2	3	3	1	1	3	32	32	0.95	0.95	0.95	0	1.73302	2.0944	637632838
1	3	3	3	1	1	1	32	32	0.964567	0.964567	0.964567	0	1.17273	2.0944	637567306
1	3	3	3	1	1	2	32	32	0.914201	0.914201	0.914201	0	1.25844	2.0944	637600074
1	3	3	3	1	1	3	32	32	0.95136	0.95136	0.95136	0	1.36376	2.0944	637632842
1	2	3	3	1	3	1	32	32	0.991354	0.991354	0.991354	0	1.48328	2.44346	637575494
1	2	3	3	1	3	2	32	32	0.874038	0.874038	0.874038	0	1.60623	2.44346	637608262
1	2	3	3	1	3	3	32	32	0.95	0.95	0.95	0	1.73302	2.44346	637641030
1	3	3	3	1	3	1	32	32	0.730442	0.730442	0.730442	0	1.17273	2.44346	637575498
1	3	3	3	1	3	2	32	32	0.706235	0.706235	0.706235	0	1.25844	2.44346	637608266
1	3	3	3	1	3	3	32	32	0.991036	0.991036	0.991036	0	1.36376	2.44346	637641034
1	2	3	3	1	5	1	32	32	0.951801	0.951801	0.951801	0	1.48328	2.79253	637583686
1	2	3	3	1	5	2	32	32	0.939702	0.939702	0.939702	0	1.60623	2.79253	637616454
1	2	3	3	1	5	3	32	32	0.95	0.95	0.95	0	1.73302	2.79253	637649222
1	3	3	3	1	5	1	32	32	0.920965	0.920965	0.920965	0	1.17273	2.79253	637583690
1	3	3	3	1	5	2	32	32	0.931096	0.931096	0.931096	0	1.25844	2.79253	637616458
1	3	3	3	1	5	3	32	32	0.971903	0.971903	0.971903	0	1.36376	2.79253	637649226
1	2	3	4	1	1	1	32	32	0.970236	0.970236	0.970236	0	1.48328	3.14159	637567430
1	2	3	4	1	1	2	32	32	0.942381	0.942381	0.942381	0	1.60623	3.14159	637600198
1	2	3	4	1	1	3	32	32	0.95	0.95	0.95	0	1.73302	3.14159	637632966
1	3	3	4	1	1	1	32	32	0.841846	0.841846	0.841846	0	1.17273	3.14159	637567434
1	3	3	4	1	1	2	32	32	0.77978	0.77978	0.77978	0	1.25844	3.14159	637600202
1	3	3	4	1	1	3	32	32	0.892629	0.892629	0.892629	0	1.36376	3.14159	637632970
1	2	3	4	1	3	1	32	32	0.989677	0.989677	0.989677	0	1.48328	-2.79253	637575622
1	2	3	4	1	3	2	32	32	0.910971	0.910971	0.910971	0	1.60623	-2.79253	637608390
1	2	3	4	1	3	3	32	32	0.95	0.95	0.95	0	1.73302	-2.79253	637641158
1	3	3	4	1	3	1	32	32	0.923356	0.923356	0.923356	0	1.17273	-2.79253	637575626
1	3	3	4	1	3	2	32	32	0.93966	0.93966	0.93966	0	1.25844	-2.79253	637608394
1	3	3	4	1	3	3	32	32	0.992056	0.992056	0.992056	0	1.36376	-2.79253	637641162
1	2	3	4	1	5	1	32	32	0.953672	0.953672	0.953672	0	1.48328	-2.44346	637583814
1	2	3	4	1	5	2	32	32	0.94087	0.94087	0.94087	0	1.60623	-2.44346	637616582
1	2	3	4	1	5	3	32	32	0.95	0.95	0.95	0	1.73302	-2.44346	637649350
1	3	3	4	1	5	1	32	32	0.950615	0.950615	0.950615	0	1.17273	-2.44346	637583818
1	3	3	4	1	5	2	32	32	0.918199	0.918199	0.918199	0	1.25844	-2.44346	637616586
1	3	3	4	1	5	3	32	32	0.962741	0.962741	0.962741	0	1.36376	-2.44346	637649354
1	2	3	5	1	1	1	32	32	0.954536	0.954536	0.954536	0	1.48328	-2.0944	637567558
1	2	3	5	1	1	2	32	32	0.925228	0.925228	0.925228	0	1.60623	-2.0944	637600326
1	2	3	5	1	1	3	32	32	0.95	0.95	0.95	0	1.73302	-2.0944	637633094
1	3	3	5	1	1	1	32	32	0.881979	0.881979	0.881979	0	1.17273	-2.0944	637567562
1	3	3	5	1	1	2	32	32	0.757526	0.757526	0.757526	0	1.25844	-2.0944	637600330
1	3	3	5	1	1	3	32	32	0.87598	0.87598	0.87598	0	1.36376	-2.0944	637633098
1	2	3	5	1	3	1	32	32	0.978632	0.978632	0.978632	0	1.48328	-1.74533	637575750
1	2	3	5	1	3	2	32	32	0.932221	0.932221	0.932221	0	1.60623	-1.74533	637608518
1	2	3	5	1	3	3	32	32	0.95	0.95	0.95	0	1.73302	-1.74533	637641286
1	3	3	5	1	3	1	32	32	0.949571	0.949571	0.949571	0	1.17273	-1.74533	637575754
1	3	3	5	1	3	2	32	32	0.922606	0.922606	0.922606	0	1.25844	-1.74533	637608522
1	3	3	5	1	3	3	32	32	0.979684	0.979684	0.979684	0	1.36376	-1.74533	637641290
1	2	3	5	1	5	1	32	32	0.980211	0.980211	0.980211	0	1.48328	-1.39626	637583942
1	2	3	5	1	5	2	32	32	0.93187	0.93187	0.93187	0	1.60623	-1.39626	637616710
1	2	3	5	1	5	3	32	32	0.95	0.95	0.95	0	1.73302	-1.39626	637649478
1	3	3	5	1	5	1	32	32	0.932581	0.932581	0.932581	0	1.17273	-1.39626	637583946
1	3	3	5	1	5	2	32	32	0.911222	0.911222	0.911222	0	1.25844	-1.39626	637616714
1	3	3	5	1	5	3	32	32	0.945609	0.945609	0.945609	0	1.36376	-1.39626	637649482
1	2	3	6	1	1	1	32	32	0.926757	0.926757	0.926757	0	1.48328	-1.0472	637567686
1	2	3	6	1	1	2	32	32	0.729729	0.729729	0.729729	0	1.60623	-1.0472	637600454
1	2	3	6	1	1	3	32	32	0.95	0.95	0.95	0	1.73302	-1.0472	637633222
1	3	3	6	1	1	1	32	32	0.8912	0.8912	0.8912	0	1.17273	-1.0472	637567690
1	3	3	6	1	1	2	32	32	0.943785	0.943785	0.943785	0	1.25844	-1.0472	637600458
1	3	3	6	1	1	3	32	32	0.982078	0.982078	0.982078	0	1.36376	-1.0472	637633226
1	2	3	6	1	3	1	32	32	0.979129	0.979129	0.979129	0	1.48328	-0.698132	637575878
1	2	3	6	1	3	2	32	32	0.936644	0.936644	0.936644	0	1.60623	-0.698132	637608646
1	2	3	6	1	3	3	32	32	0.95	0.95	0.95	0	1.73302	-0.698132	637641414
1	3	3	6	1	3	1	32	32	0.808868	0.808868	0.808868	0	1.17273	-0.698132	637575882
1	3	3	6	1	3	2	32	32	0.82971	0.82971	0.82971	0	1.25844	-0.698132	637608650
1	3	3	6	1	3	3	32	32	0.923358	0.923358	0.923358	0	1.36376	-0.698132	637641418
1	2	3	6	1	5	1	32	32	0.955228	0.955228	0.955228	0	1.48328	-0.349066	637584070
1	2	3	6	1	5	2	32	32	0.926925	0.926925	0.926925	0	1.60623	-0.349066	637616838
1	2	3	6	1	5	3	32	32	0.95	0.95	0.95	0	1.73302	-0.349066	637649606
1	3	3	6	1	5	1	32	32	0.944115	0.944115	0.944115	0	1.17273	-0.349066	637584074
1	3	3	6	1	5	2	32	32	0.936102	0.936102	0.936102	0	1.25844	-0.349066	637616842
1	3	3	6	1	5	3	32	32	0.972157	0.972157	0.972157	0	1.36376	-0.349066	637649610
1	2	3	1	1	1	1	32	32	0.900304	0.900304	0.900304	0	1.48328	-1.15686e-15	637567046
1	2	3	1	1	1	2	32	32	0.588609	0.588609	0.588609	0	1.60623	-1.252e-15	637599814
1	2	3	1	1	1	3	32	32	0.95	0.95	0.95	0	1.73302	-1.36209e-15	637632582
1	3	3	1	1	1	1	32	32	0.841053	0.841053	0.841053	0	1.17273	-9.24436e-16	637567050
1	3	3	1	1	1	2	32	32	0.911821	0.911821	0.911821	0	1.25844	-9.70442e-16	637599818
1	3	3	1	1	1	3	32	32	0.969323	0.969323	0.969323	0	1.36376	-1.03177e-15	637632586
1	1	3	1	1	1	1	192	192	0.95	0.95	0.95	0	1.87169	0.0872665	637567042
1	1	3	1	1	1	2	192	192	0.95	0.95	0.95	0	1.98181	0.0872665	637599810
1	1	3	1	1	1	3	192	192	0.95	0.95	0.95	0	2.10737	0.0872665	637632578
1	1	3	1	1	1	4	192	192	0.95	0.95	0.95	0	2.25285	0.0872665	637665346
1	1	3	1	1	1	5	192	192	0.95	0.95	0.95	0	2.42512	0.0872665	637698114
1	1	3	1	1	3	1	192	192	0.95	0.95	0.95	0	1.87169	0.785398	637575234
1	1	3	1	1	3	2	192	192	0.95	0.95	0.95	0	1.98181	0.785398	637608002
1	1	3	1	1	3	3	192	192	0.95	0.95	0.95	0	2.10737	0.785398	637640770
1	1	3	1	1	3	4	192	192	0.95	0.95	0.95	0	2.25285	0.785398	637673538
1	1	3	1	1	3	5	192	192	0.95	0.95	0.95	0	2.42512	0.785398	637706306
1	1	3	2	1	2	1	192	192	0.95	0.95	0.95	0	1.87169	1.48353	637571266
1	1	3	2	1	2	2	192	192	0.95	0.95	0.95	0	1.98181	1.48353	637604034
1	1	3	2	1	2	3	192	192	0.95	0.95	0.95	0	2.10737	1.48353	637636802
1	1	3	2	1	2	4	192	192	0.95	0.95	0.95	0	2.25285	1.48353	637669570
1	1	3	2	1	2	5	192	192	0.95	0.95	0.95	0	2.42512	1.48353	637702338
1	1	3	3	1	1	1	192	192	0.95	0.95	0.95	0	1.87169	2.18166	637567298
1	1	3	3	1	1	2	192	192	0.95	0.95	0.95	0	1.98181	2.18166	637600066
1	1	3	3	1	1	3	192	192	0.95	0.95	0.95	0	2.10737	2.18166	637632834
1	1	3	3	1	1	4	192	192	0.95	0.95	0.95	0	2.25285	2.18166	637665602
1	1	3	3	1	1	5	192	192	0.95	0.95	0.95	0	2.42512	2.18166	637698370
1	1	3	3	1	3	1	192	192	0.95	0.95	0.95	0	1.87169	2.87979	637575490
1	1	3	3	1	3	2	192	192	0.95	0.95	0.95	0	1.98181	2.87979	637608258
1	1	3	3	1	3	3	192	192	0.95	0.95	0.95	0	2.10737	2.87979	637641026
1	1	3	3	1	3	4	192	192	0.95	0.95	0.95	0	2.25285	2.87979	637673794
1	1	3	3	1	3	5	192	192	0.95	0.95	0.95	0	2.42512	2.87979	637706562
1	1	3	4	1	2	1	192	192	0.95	0.95	0.95	0	1.87169	-2.70526	637571522
1	1	3	4	1	2	2	192	192	0.95	0.95	0.95	0	1.98181	-2.70526	637604290
1	1	3	4	1	2	3	192	192	0.95	0.95	0.95	0	2.10737	-2.70526	637637058
1	1	3	4	1	2	4	192	192	0.95	0.95	0.95	0	2.25285	-2.70526	637669826
1	1	3	4	1	2	5	192	192	0.95	0.95	0.95	0	2.42512	-2.70526	637702594
1	1	3	5	1	1	1	192	192	0.95	0.95	0.95	0	1.87169	-2.00713	637567554
1	1	3	5	1	1	2	192	192	0.95	0.95	0.95	0	1.98181	-2.00713	637600322
1	1	3	5	1	1	3	192	192	0.95	0.95	0.95	0	2.10737	-2.00713	637633090
1	1	3	5	1	1	4	192	192	0.95	0.95	0.95	0	2.25285	-2.00713	637665858
1	1	3	5	1	1	5	192	192	0.95	0.95	0.95	0	2.42512	-2.00713	637698626
1	1	3	5	1	3	1	192	192	0.95	0.95	0.95	0	1.87169	-1.309	637575746
1	1	3	5	1	3	2	192	192	0.95	0.95	0.95	0	1.98181	-1.309	637608514
1	1	3	5	1	3	3	192	192	0.95	0.95	0.95	0	2.10737	-1.309	637641282
1	1	3	5	1	3	4	192	192	0.95	0.95	0.95	0	2.25285	-1.309	637674050
1	1	3	5	1	3	5	192	192	0.95	0.95	0.95	0	2.42512	-1.309	637706818
1	1	3	6	1	2	1	192	192	0.95	0.95	0.95	0	1.87169	-0.610865	637571778
1	1	3	6	1	2	2	192	192	0.95	0.95	0.95	0	1.98181	-0.610865	637604546
1	1	3	6	1	2	3	192	192	0.95	0.95	0.95	0	2.10737	-0.610865	637637314
1	1	3	6	1	2	4	192	192	0.95	0.95	0.95	0	2.25285	-0.610865	637670082
1	1	3	6	1	2	5	192	192	0.95	0.95	0.95	0	2.42512	-0.610865	637702850
1	1	3	1	1	2	1	192	192	0.95	0.95	0.95	0	1.87603	0.436332	637571138
1	1	3	1	1	2	2	192	192	0.95	0.95	0.95	0	1.9862	0.436332	637603906
1	1	3	1	1	2	3	192	192	0.95	0.95	0.95	0	2.11179	0.436332	637636674
1	1	3	1	1	2	4	192	192	0.95	0.95	0.95	0	2.25731	0.436332	637669442
1	1	3	1	1	2	5	192	192	0.95	0.95	0.95	0	2.4296	0.436332	637702210
1	1	3	2	1	1	1	192	192	0.95	0.95	0.95	0	1.87603	1.13446	637567170
1	1	3	2	1	1	2	192	192	0.95	0.95	0.95	0	1.9862	1.13446	637599938
1	1	3	2	1	1	3	192	192	0.95	0.95	0.95	0	2.11179	1.13446	637632706
1	1	3	2	1	1	4	192	192	0.95	0.95	0.95	0	2.25731	1.13446	637665474
1	1	3	2	1	1	5	192	192	0.95	0.95	0.95	0	2.4296	1.13446	637698242
1	1	3	2	1	3	1	192	192	0.95	0.95	0.95	0	1.87603	1.8326	637575362
1	1	3	2	1	3	2	192	192	0.95	0.95	0.95	0	1.9862	1.8326	637608130
1	1	3	2	1	3	3	192	192	0.95	0.95	0.95	0	2.11179	1.8326	637640898
1	1	3	2	1	3	4	192	192	0.95	0.95	0.95	0	2.25731	1.8326	637673666
1	1	3	2	1	3	5	192	192	0.95	0.95	0.95	0	2.4296	1.8326	637706434
1	1	3	3	1	2	1	192	192	0.95	0.95	0.95	0	1.87603	2.53073	637571394
1	1	3	3	1	2	2	192	192	0.95	0.95	0.95	0	1.9862	2.53073	637604162
1	1	3	3	1	2	3	192	192	0.95	0.95	0.95	0	2.11179	2.53073	637636930
1	1	3	3	1	2	4	192	192	0.95	0.95	0.95	0	2.25731	2.53073	637669698
1	1	3	3	1	2	5	192	192	0.95	0.95	0.95	0	2.4296	2.53073	637702466
1	1	3	4	1	1	1	192	192	0.95	0.95	0.95	0	1.87603	-3.05433	637567426
1	1	3	4	1	1	2	192	192	0.95	0.95	0.95	0	1.9862	-3.05433	637600194
1	1	3	4	1	1	3	192	192	0.95	0.95	0.95	0	2.11179	-3.05433	637632962
1	1	3	4	1	1	4	192	192	0.95	0.95	0.95	0	2.25731	-3.05433	637665730
1	1	3	4	1	1	5	192	192	0.95	0.95	0.95	0	2.4296	-3.05433	637698498
1	1	3	4	1	3	1	192	192	0.95	0.95	0.95	0	1.87603	-2.35619	637575618
1	1	3	4	1	3	2	192	192	0.95	0.95	0.95	0	1.9862	-2.35619	637608386
1	1	3	4	1	3	3	192	192	0.95	0.95	0.95	0	2.11179	-2.35619	637641154
1	1	3	4	1	3	4	192	192	0.95	0.95	0.95	0	2.25731	-2.35619	637673922
1	1	3	4	1	3	5	192	192	0.95	0.95	0.95	0	2.4296	-2.35619	637706690
1	1	3	5	1	2	1	192	192	0.95	0.95	0.95	0	1.87603	-1.65806	637571650
1	1	3	5	1	2	2	192	192	0.95	0.95	0.95	0	1.9862	-1.65806	637604418
1	1	3	5	1	2	3	192	192	0.95	0.95	0.95	0	2.11179	-1.65806	637637186
1	1	3	5	1	2	4	192	192	0.95	0.95	0.95	0	2.25731	-1.65806	637669954
1	1	3	5	1	2	5	192	192	0.95	0.95	0.95	0	2.4296	-1.65806	637702722
1	1	3	6	1	1	1	192	192	0.95	0.95	0.95	0	1.87603	-0.959931	637567682
1	1	3	6	1	1	2	192	192	0.95	0.95	0.95	0	1.9862	-0.959931	637600450
1	1	3	6	1	1	3	192	192	0.95	0.95	0.95	0	2.11179	-0.959931	637633218
1	1	3	6	1	1	4	192	192	0.95	0.95	0.95	0	2.25731	-0.959931	637665986
1	1	3	6	1	1	5	192	192	0.95	0.95	0.95	0	2.4296	-0.959931	637698754
1	1	3	6	1	3	1	192	192	0.95	0.95	0.95	0	1.87603	-0.261799	637575874
1	1	3	6	1	3	2	192	192	0.95	0.95	0.95	0	1.9862	-0.261799	637608642
1	1	3	6	1	3	3	192	192	0.95	0.95	0.95	0	2.11179	-0.261799	637641410
1	1	3	6	1	3	4	192	192	0.95	0.95	0.95	0	2.25731	-0.261799	637674178
1	1	3	6	1	3	5	192	192	0.95	0.95	0.95	0	2.4296	-0.261799	637706946
1	2	4	1	1	2	1	32	32	0.926207	0.926207	0.926207	0	1.56017	0.174533	637571174
1	2	4	1	1	2	2	32	32	0.916506	0.916506	0.916506	0	1.68475	0.174533	637603942
1	2	4	1	1	2	3	32	32	0.95	0.95	0.95	0	1.81287	0.174533	637636710
1	3	4	1	1	2	1	32	32	0.910626	0.910626	0.910626	0	1.24346	0.174533	637571178
1	3	4	1	1	2	2	32	32	0.83998	0.83998	0.83998	0	1.33122	0.174533	637603946
1	3	4	1	1	2	3	32	32	0.98475	0.98475	0.98475	0	1.43868	0.174533	637636714
1	2	4	1	1	4	1	32	32	0.826757	0.826757	0.826757	0	1.56017	0.523599	637579366
1	2	4	1	1	4	2	32	32	0.615723	0.615723	0.615723	0	1.68475	0.523599	637612134
1	2	4	1	1	4	3	32	32	0.95	0.95	0.95	0	1.81287	0.523599	637644902
1	3	4	1	1	4	1	32	32	0.957227	0.957227	0.957227	0	1.24346	0.523599	637579370
1	3	4	1	1	4	2	32	32	0.724535	0.724535	0.724535	0	1.33122	0.523599	637612138
1	3	4	1	1	4	3	32	32	0.980944	0.980944	0.980944	0	1.43868	0.523599	637644906
1	2	4	1	1	6	1	32	32	0.953423	0.953423	0.953423	0	1.56017	0.872665	637587558
1	2	4	1	1	6	2	32	32	0.726015	0.726015	0.726015	0	1.68475	0.872665	637620326
1	2	4	1	1	6	3	32	32	0.95	0.95	0.95	0	1.81287	0.872665	637653094
1	3	4	1	1	6	1	32	32	0.95516	0.95516	0.95516	0	1.24346	0.872665	637587562
1	3	4	1	1	6	2	32	32	0.875416	0.875416	0.875416	0	1.33122	0.872665	637620330
1	3	4	1	1	6	3	32	32	0.962247	0.962247	0.962247	0	1.43868	0.872665	637653098
1	2	4	2	1	2	1	32	32	0.859264	0.859264	0.859264	0	1.56017	1.22173	637571302
1	2	4	2	1	2	2	32	32	0.748542	0.748542	0.748542	0	1.68475	1.22173	637604070
1	2	4	2	1	2	3	32	32	0.95	0.95	0.95	0	1.81287	1.22173	637636838
1	3	4	2	1	2	1	32	32	0.936791	0.936791	0.936791	0	1.24346	1.22173	637571306
1	3	4	2	1	2	2	32	32	0.805478	0.805478	0.805478	0	1.33122	1.22173	637604074
1	3	4	2	1	2	3	32	32	0.974824	0.974824	0.974824	0	1.43868	1.22173	637636842
1	2	4	2	1	4	1	32	32	0.958851	0.958851	0.958851	0	1.56017	1.5708	637579494
1	2	4	2	1	4	2	32	32	0.948971	0.948971	0.948971	0	1.68475	1.5708	637612262
1	2	4	2	1	4	3	32	32	0.95	0.95	0.95	0	1.81287	1.5708	637645030
1	3	4	2	1	4	1	32	32	0.960911	0.960911	0.960911	0	1.24346	1.5708	637579498
1	3	4	2	1	4	2	32	32	0.740182	0.740182	0.740182	0	1.33122	1.5708	637612266
1	3	4	2	1	4	3	32	32	0.975119	0.975119	0.975119	0	1.43868	1.5708	637645034
1	2	4	2	1	6	1	32	32	0.964428	0.964428	0.964428	0	1.56017	1.91986	637587686
1	2	4	2	1	6	2	32	32	0.943872	0.943872	0.943872	0	1.68475	1.91986	637620454
1	2	4	2	1	6	3	32	32	0.95	0.95	0.95	0	1.81287	1.91986	637653222
1	3	4	2	1	6	1	32	32	0.951672	0.951672	0.951672	0	1.24346	1.91986	637587690
1	3	4	2	1	6	2	32	32	0.841448	0.841448	0.841448	0	1.33122	1.91986	637620458
1	3	4	2	1	6	3	32	32	0.980734	0.980734	0.980734	0	1.43868	1.91986	637653226
1	2	4	3	1	2	1	32	32	0.894144	0.894144	0.894144	0	1.56017	2.26893	637571430
1	2	4	3	1	2	2	32	32	0.871357	0.871357	0.871357	0	1.68475	2.26893	637604198
1	2	4	3	1	2	3	32	32	0.95	0.95	0.95	0	1.81287	2.26893	637636966
1	3	4	3	1	2	1	32	32	0.934225	0.934225	0.934225	0	1.24346	2.26893	637571434
1	3	4	3	1	2	2	32	32	0.838377	0.838377	0.838377	0	1.33122	2.26893	637604202
1	3	4	3	1	2	3	32	32	0.982689	0.982689	0.982689	0	1.43868	2.26893	637636970
1	2	4	3	1	4	1	32	32	0.887265	0.887265	0.887265	0	1.56017	2.61799	637579622
1	2	4	3	1	4	2	32	32	0.87483	0.87483	0.87483	0	1.68475	2.61799	637612390
1	2	4	3	1	4	3	32	32	0.95	0.95	0.95	0	1.81287	2.61799	637645158
1	3	4	3	1	4	1	32	32	0.938156	0.938156	0.938156	0	1.24346	2.61799	637579626
1	3	4	3	1	4	2	32	32	0.665086	0.665086	0.665086	0	1.33122	2.61799	637612394
1	3	4	3	1	4	3	32	32	0.958743	0.958743	0.958743	0	1.43868	2.61799	637645162
1	2	4	3	1	6	1	32	32	0.816786	0.816786	0.816786	0	1.56017	2.96706	637587814
1	2	4	3	1	6	2	32	32	0.693615	0.693615	0.693615	0	1.68475	2.96706	637620582
1	2	4	3	1	6	3	32	32	0.95	0.95	0.95	0	1.81287	2.96706	637653350
1	3	4	3	1	6	1	32	32	0.905988	0.905988	0.905988	0	1.24346	2.96706	637587818
1	3	4	3	1	6	2	32	32	0.852931	0.852931	0.852931	0	1.33122	2.96706	637620586
1	3	4	3	1	6	3	32	32	0.968314	0.968314	0.968314	0	1.43868	2.96706	637653354
1	2	4	4	1	2	1	32	32	0.905044	0.905044	0.905044	0	1.56017	-2.96706	637571558
1	2	4	4	1	2	2	32	32	0.876597	0.876597	0.876597	0	1.68475	-2.96706	637604326
1	2	4	4	1	2	3	32	32	0.95	0.95	0.95	0	1.81287	-2.96706	637637094
1	3	4	4	1	2	1	32	32	0.886249	0.886249	0.886249	0	1.24346	-2.96706	637571562
1	3	4	4	1	2	2	32	32	0.833424	0.833424	0.833424	0	1.33122	-2.96706	637604330
1	3	4	4	1	2	3	32	32	0.983642	0.983642	0.983642	0	1.43868	-2.96706	637637098
1	2	4	4	1	4	1	32	32	0.896316	0.896316	0.896316	0	1.56017	-2.61799	637579750
1	2	4	4	1	4	2	32	32	0.893637	0.893637	0.893637	0	1.68475	-2.61799	637612518
1	2	4	4	1	4	3	32	32	0.95	0.95	0.95	0	1.81287	-2.61799	637645286
1	3	4	4	1	4	1	32	32	0.968866	0.968866	0.968866	0	1.24346	-2.61799	637579754
1	3	4	4	1	4	2	32	32	0.78116	0.78116	0.78116	0	1.33122	-2.61799	637612522
1	3	4	4	1	4	3	32	32	0.976936	0.976936	0.976936	0	1.43868	-2.61799	637645290
1	2	4	4	1	6	1	32	32	0.93213	0.93213	0.93213	0	1.56017	-2.26893	637587942
1	2	4	4	1	6	2	32	32	0.656664	0.656664	0.656664	0	1.68475	-2.26893	637620710
1	2	4	4	1	6	3	32	32	0.95	0.95	0.95	0	1.81287	-2.26893	637653478
1	3	4	4	1	6	1	32	32	0.816244	0.816244	0.816244	0	1.24346	-2.26893	637587946
1	3	4	4	1	6	2	32	32	0.808823	0.808823	0.808823	0	1.33122	-2.26893	637620714
1	3	4	4	1	6	3	32	32	0.934322	0.934322	0.934322	0	1.43868	-2.26893	637653482
1	2	4	5	1	2	1	32	32	0.919166	0.919166	0.919166	0	1.56017	-1.91986	637571686
1	2	4	5	1	2	2	32	32	0.836167	0.836167	0.836167	0	1.68475	-1.91986	637604454
1	2	4	5	1	2	3	32	32	0.95	0.95	0.95	0	1.81287	-1.91986	637637222
1	3	4	5	1	2	1	32	32	0.782166	0.782166	0.782166	0	1.24346	-1.91986	637571690
1	3	4	5	1	2	2	32	32	0.848309	0.848309	0.848309	0	1.33122	-1.91986	637604458
1	3	4	5	1	2	3	32	32	0.962299	0.962299	0.962299	0	1.43868	-1.91986	637637226
1	2	4	5	1	4	1	32	32	0.983559	0.983559	0.983559	0	1.56017	-1.5708	637579878
1	2	4	5	1	4	2	32	32	0.950827	0.950827	0.950827	0	1.68475	-1.5708	637612646
1	2	4	5	1	4	3	32	32	0.95	0.95	0.95	0	1.81287	-1.5708	637645414
1	3	4	5	1	4	1	32	32	0.704932	0.704932	0.704932	0	1.24346	-1.5708	637579882
1	3	4	5	1	4	2	32	32	0.65313	0.65313	0.65313	0	1.33122	-1.5708	637612650
1	3	4	5	1	4	3	32	32	0.962122	0.962122	0.962122	0	1.43868	-1.5708	637645418
1	2	4	5	1	6	1	32	32	0.901696	0.901696	0.901696	0	1.56017	-1.22173	637588070
1	2	4	5	1	6	2	32	32	0.942131	0.942131	0.942131	0	1.68475	-1.22173	637620838
1	2	4	5	1	6	3	32	32	0.95	0.95	0.95	0	1.81287	-1.22173	637653606
1	3	4	5	1	6	1	32	32	0.790788	0.790788	0.790788	0	1.24346	-1.22173	637588074
1	3	4	5	1	6	2	32	32	0.664959	0.664959	0.664959	0	1.33122	-1.22173	637620842
1	3	4	5	1	6	3	32	32	0.928098	0.928098	0.928098	0	1.43868	-1.22173	637653610
1	2	4	6	1	2	1	32	32	0.904317	0.904317	0.904317	0	1.56017	-0.872665	637571814
1	2	4	6	1	2	2	32	32	0.87537	0.87537	0.87537	0	1.68475	-0.872665	637604582
1	2	4	6	1	2	3	32	32	0.95	0.95	0.95	0	1.81287	-0.872665	637637350
1	3	4	6	1	2	1	32	32	0.854092	0.854092	0.854092	0	1.24346	-0.872665	637571818
1	3	4	6	1	2	2	32	32	0.81542	0.81542	0.81542	0	1.33122	-0.872665	637604586
1	3	4	6	1	2	3	32	32	0.986069	0.986069	0.986069	0	1.43868	-0.872665	637637354
1	2	4	6	1	4	1	32	32	0.910991	0.910991	0.910991	0	1.56017	-0.523599	637580006
1	2	4	6	1	4	2	32	32	0.880183	0.880183	0.880183	0	1.68475	-0.523599	637612774
1	2	4	6	1	4	3	32	32	0.95	0.95	0.95	0	1.81287	-0.523599	637645542
1	3	4	6	1	4	1	32	32	0.839921	0.839921	0.839921	0	1.24346	-0.523599	637580010
1	3	4	6	1	4	2	32	32	0.828816	0.828816	0.828816	0	1.33122	-0.523599	637612778
1	3	4	6	1	4	3	32	32	0.979256	0.979256	0.979256	0	1.43868	-0.523599	637645546
1	2	4	6	1	6	1	32	32	0.960454	0.960454	0.960454	0	1.56017	-0.174533	637588198
1	2	4	6	1	6	2	32	32	0.508345	0.508345	0.508345	0	1.68475	-0.174533	637620966
1	2	4	6	1	6	3	32	32	0.95	0.95	0.95	0	1.81287	-0.174533	637653734
1	3	4	6	1	6	1	32	32	0.643413	0.643413	0.643413	0	1.24346	-0.174533	637588202
1	3	4	6	1	6	2	32	32	0.680112	0.680112	0.680112	0	1.33122	-0.174533	637620970
1	3	4	6	1	6	3	32	32	0.987421	0.987421	0.987421	0	1.43868	-0.174533	637653738
1	2	4	1	1	3	1	32	32	0.974969	0.974969	0.974969	0	1.56396	0.349066	637575270
1	2	4	1	1	3	2	32	32	0.949978	0.949978	0.949978	0	1.68861	0.349066	637608038
1	2	4	1	1	3	3	32	32	0.95	0.95	0.95	0	1.8168	0.349066	637640806
1	3	4	1	1	3	1	32	32	0.941681	0.941681	0.941681	0	1.24696	0.349066	637575274
1	3	4	1	1	3	2	32	32	0.898132	0.898132	0.898132	0	1.33482	0.349066	637608042
1	3	4	1	1	3	3	32	32	0.9711	0.9711	0.9711	0	1.44237	0.349066	637640810
1	2	4	1	1	5	1	32	32	0.9355	0.9355	0.9355	0	1.56396	0.698132	637583462
1	2	4	1	1	5	2	32	32	0.922801	0.922801	0.922801	0	1.68861	0.698132	637616230
1	2	4	1	1	5	3	32	32	0.95	0.95	0.95	0	1.8168	0.698132	637648998
1	3	4	1	1	5	1	32	32	0.938007	0.938007	0.938007	0	1.24696	0.698132	637583466
1	3	4	1	1	5	2	32	32	0.912766	0.912766	0.912766	0	1.33482	0.698132	637616234
1	3	4	1	1	5	3	32	32	0.959739	0.959739	0.959739	0	1.44237	0.698132	637649002
1	2	4	2	1	1	1	32	32	0.951786	0.951786	0.951786	0	1.56396	1.0472	637567206
1	2	4	2	1	1	2	32	32	0.913943	0.913943	0.913943	0	1.68861	1.0472	637599974
1	2	4	2	1	1	3	32	32	0.95	0.95	0.95	0	1.8168	1.0472	637632742
1	3	4	2	1	1	1	32	32	0.949391	0.949391	0.949391	0	1.24696	1.0472	637567210
1	3	4	2	1	1	2	32	32	0.914039	0.914039	0.914039	0	1.33482	1.0472	637599978
1	3	4	2	1	1	3	32	32	0.971524	0.971524	0.971524	0	1.44237	1.0472	637632746
1	2	4	2	1	3	1	32	32	0.867938	0.867938	0.867938	0	1.56396	1.39626	637575398
1	2	4	2	1	3	2	32	32	0.817455	0.817455	0.817455	0	1.68861	1.39626	637608166
1	2	4	2	1	3	3	32	32	0.95	0.95	0.95	0	1.8168	1.39626	637640934
1	3	4	2	1	3	1	32	32	0.942205	0.942205	0.942205	0	1.24696	1.39626	637575402
1	3	4	2	1	3	2	32	32	0.939199	0.939199	0.939199	0	1.33482	1.39626	637608170
1	3	4	2	1	3	3	32	32	0.972463	0.972463	0.972463	0	1.44237	1.39626	637640938
1	2	4	2	1	5	1	32	32	0.852267	0.852267	0.852267	0	1.56396	1.74533	637583590
1	2	4	2	1	5	2	32	32	0.860838	0.860838	0.860838	0	1.68861	1.74533	637616358
1	2	4	2	1	5	3	32	32	0.95	0.95	0.95	0	1.8168	1.74533	637649126
1	3	4	2	1	5	1	32	32	0.93419	0.93419	0.93419	0	1.24696	1.74533	637583594
1	3	4	2	1	5	2	32	32	0.936738	0.936738	0.936738	0	1.33482	1.74533	637616362
1	3	4	2	1	5	3	32	32	0.975168	0.975168	0.975168	0	1.44237	1.74533	637649130
1	2	4	3	1	1	1	32	32	0.920246	0.920246	0.920246	0	1.56396	2.0944	637567334
1	2	4	3	1	1	2	32	32	0.880117	0.880117	0.880117	0	1.68861	2.0944	637600102
1	2	4	3	1	1	3	32	32	0.95	0.95	0.95	0	1.8168	2.0944	637632870
1	3	4	3	1	1	1	32	32	0.964567	0.964567	0.964567	0	1.24696	2.0944	637567338
1	3	4	3	1	1	2	32	32	0.914201	0.914201	0.914201	0	1.33482	2.0944	637600106
1	3	4	3	1	1	3	32	32	0.95136	0.95136	0.95136	0	1.44237	2.0944	637632874
1	2	4	3	1	3	1	32	32	0.991354	0.991354	0.991354	0	1.56396	2.44346	637575526
1	2	4	3	1	3	2	32	32	0.874038	0.874038	0.874038	0	1.68861	2.44346	637608294
1	2	4	3	1	3	3	32	32	0.95	0.95	0.95	0	1.8168	2.44346	637641062
1	3	4	3	1	3	1	32	32	0.730442	0.730442	0.730442	0	1.24696	2.44346	637575530
1	3	4	3	1	3	2	32	32	0.706235	0.706235	0.706235	0	1.33482	2.44346	637608298
1	3	4	3	1	3	3	32	32	0.991036	0.991036	0.991036	0	1.44237	2.44346	637641066
1	2	4	3	1	5	1	32	32	0.951801	0.951801	0.951801	0	1.56396	2.79253	637583718
1	2	4	3	1	5	2	32	32	0.939702	0.939702	0.939702	0	1.68861	2.79253	637616486
1	2	4	3	1	5	3	32	32	0.95	0.95	0.95	0	1.8168	2.79253	637649254
1	3	4	3	1	5	1	32	32	0.920965	0.920965	0.920965	0	1.24696	2.79253	637583722
1	3	4	3	1	5	2	32	32	0.931096	0.931096	0.931096	0	1.33482	2.79253	637616490
1	3	4	3	1	5	3	32	32	0.971903	0.971903	0.971903	0	1.44237	2.79253	637649258
1	2	4	4	1	1	1	32	32	0.970236	0.970236	0.970236	0	1.56396	3.14159	637567462
1	2	4	4	1	1	2	32	32	0.942381	0.942381	0.942381	0	1.68861	3.14159	637600230
1	2	4	4	1	1	3	32	32	0.95	0.95	0.95	0	1.8168	3.14159	637632998
1	3	4	4	1	1	1	32	32	0.841846	0.841846	0.841846	0	1.24696	3.14159	637567466
1	3	4	4	1	1	2	32	32	0.77978	0.77978	0.77978	0	1.33482	3.14159	637600234
1	3	4	4	1	1	3	32	32	0.892629	0.892629	0.892629	0	1.44237	3.14159	637633002
1	2	4	4	1	3	1	32	32	0.989677	0.989677	0.989677	0	1.56396	-2.79253	637575654
1	2	4	4	1	3	2	32	32	0.910971	0.910971	0.910971	0	1.68861	-2.79253	637608422
1	2	4	4	1	3	3	32	32	0.95	0.95	0.95	0	1.8168	-2.79253	637641190
1	3	4	4	1	3	1	32	32	0.923356	0.923356	0.923356	0	1.24696	-2.79253	637575658
1	3	4	4	1	3	2	32	32	0.93966	0.93966	0.93966	0	1.33482	-2.79253	637608426
1	3	4	4	1	3	3	32	32	0.992056	0.992056	0.992056	0	1.44237	-2.79253	637641194
1	2	4	4	1	5	1	32	32	0.953672	0.953672	0.953672	0	1.56396	-2.44346	637583846
1	2	4	4	1	5	2	32	32	0.94087	0.94087	0.94087	0	1.68861	-2.44346	637616614
1	2	4	4	1	5	3	32	32	0.95	0.95	0.95	0	1.8168	-2.44346	637649382
1	3	4	4	1	5	1	32	32	0.950615	0.950615	0.950615	0	1.24696	-2.44346	637583850
1	3	4	4	1	5	2	32	32	0.918199	0.918199	0.918199	0	1.33482	-2.44346	637616618
1	3	4	4	1	5	3	32	32	0.962741	0.962741	0.962741	0	1.44237	-2.44346	637649386
1	2	4	5	1	1	1	32	32	0.954536	0.954536	0.954536	0	1.56396	-2.0944	637567590
1	2	4	5	1	1	2	32	32	0.925228	0.925228	0.925228	0	1.68861	-2.0944	637600358
1	2	4	5	1	1	3	32	32	0.95	0.95	0.95	0	1.8168	-2.0944	637633126
1	3	4	5	1	1	1	32	32	0.881979	0.881979	0.881979	0	1.24696	-2.0944	637567594
1	3	4	5	1	1	2	32	32	0.757526	0.757526	0.757526	0	1.33482	-2.0944	637600362
1	3	4	5	1	1	3	32	32	0.87598	0.87598	0.87598	0	1.44237	-2.0944	637633130
1	2	4	5	1	3	1	32	32	0.978632	0.978632	0.978632	0	1.56396	-1.74533	637575782
1	2	4	5	1	3	2	32	32	0.932221	0.932221	0.932221	0	1.68861	-1.74533	637608550
1	2	4	5	1	3	3	32	32	0.95	0.95	0.95	0	1.8168	-1.74533	637641318
1	3	4	5	1	3	1	32	32	0.949571	0.949571	0.949571	0	1.24696	-1.74533	637575786
1	3	4	5	1	3	2	32	32	0.922606	0.922606	0.922606	0	1.33482	-1.74533	637608554
1	3	4	5	1	3	3	32	32	0.979684	0.979684	0.979684	0	1.44237	-1.74533	637641322
1	2	4	5	1	5	1	32	32	0.980211	0.980211	0.980211	0	1.56396	-1.39626	637583974
1	2	4	5	1	5	2	32	32	0.93187	0.93187	0.93187	0	1.68861	-1.39626	637616742
1	2	4	5	1	5	3	32	32	0.95	0.95	0.95	0	1.8168	-1.39626	637649510
1	3	4	5	1	5	1	32	32	0.932581	0.932581	0.932581	0	1.24696	-1.39626	637583978
1	3	4	5	1	5	2	32	32	0.911222	0.911222	0.911222	0	1.33482	-1.39626	637616746
1	3	4	5	1	5	3	32	32	0.945609	0.945609	0.945609	0	1.44237	-1.39626	637649514
1	2	4	6	1	1	1	32	32	0.926757	0.926757	0.926757	0	1.56396	-1.0472	637567718
1	2	4	6	1	1	2	32	32	0.729729	0.729729	0.729729	0	1.68861	-1.0472	637600486
1	2	4	6	1	1	3	32	32	0.95	0.95	0.95	0	1.8168	-1.0472	637633254
1	3	4	6	1	1	1	32	32	0.8912	0.8912	0.8912	0	1.24696	-1.0472	637567722
1	3	4	6	1	1	2	32	32	0.943785	0.943785	0.943785	0	1.33482	-1.0472	637600490
1	3	4	6	1	1	3	32	32	0.982078	0.982078	0.982078	0	1.44237	-1.0472	637633258
1	2	4	6	1	3	1	32	32	0.979129	0.979129	0.979129	0	1.56396	-0.698132	637575910
1	2	4	6	1	3	2	32	32	0.936644	0.936644	0.936644	0	1.68861	-0.698132	637608678
1	2	4	6	1	3	3	32	32	0.95	0.95	0.95	0	1.8168	-0.698132	637641446
1	3	4	6	1	3	1	32	32	0.808868	0.808868	0.808868	0	1.24696	-0.698132	637575914
1	3	4	6	1	3	2	32	32	0.82971	0.82971	0.82971	0	1.33482	-0.698132	637608682
1	3	4	6	1	3	3	32	32	0.923358	0.923358	0.923358	0	1.44237	-0.698132	637641450
1	2	4	6	1	5	1	32	32	0.955228	0.955228	0.955228	0	1.56396	-0.349066	637584102
1	2	4	6	1	5	2	32	32	0.926925	0.926925	0.926925	0	1.68861	-0.349066	637616870
1	2	4	6	1	5	3	32	32	0.95	0.95	0.95	0	1.8168	-0.349066	637649638
1	3	4	6	1	5	1	32	32	0.944115	0.944115	0.944115	0	1.24696	-0.349066	637584106
1	3	4	6	1	5	2	32	32	0.936102	0.936102	0.936102	0	1.33482	-0.349066	637616874
1	3	4	6	1	5	3	32	32	0.972157	0.972157	0.972157	0	1.44237	-0.349066	637649642
1	2	4	1	1	1	1	32	32	0.900304	0.900304	0.900304	0	1.56396	-1.22812e-15	637567078
1	2	4	1	1	1	2	32	32	0.588609	0.588609	0.588609	0	1.68861	-1.33353e-15	637599846
1	2	4	1	1	1	3	32	32	0.95	0.95	0.95	0	1.8168	-1.45552e-15	637632614
1	3	4	1	1	1	1	32	32	0.841053	0.841053	0.841053	0	1.24696	-9.74232e-16	637567082
1	3	4	1	1	1	2	32	32	0.911821	0.911821	0.911821	0	1.33482	-1.0256e-15	637599850
1	3	4	1	1	1	3	32	32	0.969323	0.969323	0.969323	0	1.44237	-1.09408e-15	637632618
1	1	4	1	1	1	1	192	192	0.95	0.95	0.95	0	1.9422	0.0872665	637567074
1	1	4	1	1	1	2	192	192	0.95	0.95	0.95	0	2.03612	0.0872665	637599842
1	1	4	1	1	1	3	192	192	0.95	0.95	0.95	0	2.14091	0.0872665	637632610
1	1	4	1	1	1	4	192	192	0.95	0.95	0.95	0	2.25913	0.0872665	637665378
1	1	4	1	1	1	5	192	192	0.95	0.95	0.95	0	2.39442	0.0872665	637698146
1	1	4	1	1	3	1	192	192	0.95	0.95	0.95	0	1.9422	0.785398	637575266
1	1	4	1	1	3	2	192	192	0.95	0.95	0.95	0	2.03612	0.785398	637608034
1	1	4	1	1	3	3	192	192	0.95	0.95	0.95	0	2.14091	0.785398	637640802
1	1	4	1	1	3	4	192	192	0.95	0.95	0.95	0	2.25913	0.785398	637673570
1	1	4	1	1	3	5	192	192	0.95	0.95	0.95	0	2.39442	0.785398	637706338
1	1	4	2	1	2	1	192	192	0.95	0.95	0.95	0	1.9422	1.48353	637571298
1	1	4	2	1	2	2	192	192	0.95	0.95	0.95	0	2.03612	1.48353	637604066
1	1	4	2	1	2	3	192	192	0.95	0.95	0.95	0	2.14091	1.48353	637636834
1	1	4	2	1	2	4	192	192	0.95	0.95	0.95	0	2.25913	1.48353	637669602
1	1	4	2	1	2	5	192	192	0.95	0.95	0.95	0	2.39442	1.48353	637702370
1	1	4	3	1	1	1	192	192	0.95	0.95	0.95	0	1.9422	2.18166	637567330
1	1	4	3	1	1	2	192	192	0.95	0.95	0.95	0	2.03612	2.18166	637600098
1	1	4	3	1	1	3	192	192	0.95	0.95	0.95	0	2.14091	2.18166	637632866
1	1	4	3	1	1	4	192	192	0.95	0.95	0.95	0	2.25913	2.18166	637665634
1	1	4	3	1	1	5	192	192	0.95	0.95	0.95	0	2.39442	2.18166	637698402
1	1	4	3	1	3	1	192	192	0.95	0.95	0.95	0	1.9422	2.87979	637575522
1	1	4	3	1	3	2	192	192	0.95	0.95	0.95	0	2.03612	2.87979	637608290
1	1	4	3	1	3	3	192	192	0.95	0.95	0.95	0	2.14091	2.87979	637641058
1	1	4	3	1	3	4	192	192	0.95	0.95	0.95	0	2.25913	2.87979	637673826
1	1	4	3	1	3	5	192	192	0.95	0.95	0.95	0	2.39442	2.87979	637706594
1	1	4	4	1	2	1	192	192	0.95	0.95	0.95	0	1.9422	-2.70526	637571554
1	1	4	4	1	2	2	192	192	0.95	0.95	0.95	0	2.03612	-2.70526	637604322
1	1	4	4	1	2	3	192	192	0.95	0.95	0.95	0	2.14091	-2.70526	637637090
1	1	4	4	1	2	4	192	192	0.95	0.95	0.95	0	2.25913	-2.70526	637669858
1	1	4	4	1	2	5	192	192	0.95	0.95	0.95	0	2.39442	-2.70526	637702626
1	1	4	5	1	1	1	192	192	0.95	0.95	0.95	0	1.9422	-2.00713	637567586
1	1	4	5	1	1	2	192	192	0.95	0.95	0.95	0	2.03612	-2.00713	637600354
1	1	4	5	1	1	3	192	192	0.95	0.95	0.95	0	2.14091	-2.00713	637633122
1	1	4	5	1	1	4	192	192	0.95	0.95	0.95	0	2.25913	-2.00713	637665890
1	1	4	5	1	1	5	192	192	0.95	0.95	0.95	0	2.39442	-2.00713	637698658
1	1	4	5	1	3	1	192	192	0.95	0.95	0.95	0	1.9422	-1.309	637575778
1	1	4	5	1	3	2	192	192	0.95	0.95	0.95	0	2.03612	-1.309	637608546
1	1	4	5	1	3	3	192	192	0.95	0.95	0.95	0	2.14091	-1.309	637641314
1	1	4	5	1	3	4	192	192	0.95	0.95	0.95	0	2.25913	-1.309	637674082
1	1	4	5	1	3	5	192	192	0.95	0.95	0.95	0	2.39442	-1.309	637706850
1	1	4	6	1	2	1	192	192	0.95	0.95	0.95	0	1.9422	-0.610865	637571810
1	1	4	6	1	2	2	192	192	0.95	0.95	0.95	0	2.03612	-0.610865	637604578
1	1	4	6	1	2	3	192	192	0.95	0.95	0.95	0	2.14091	-0.610865	637637346
1	1	4	6	1	2	4	192	192	0.95	0.95	0.95	0	2.25913	-0.610865	637670114
1	1	4	6	1	2	5	192	192	0.95	0.95	0.95	0	2.39442	-0.610865	637702882
1	1	4	1	1	2	1	192	192	0.95	0.95	0.95	0	1.94619	0.436332	637571170
1	1	4	1	1	2	2	192	192	0.95	0.95	0.95	0	2.04014	0.436332	637603938
1	1	4	1	1	2	3	192	192	0.95	0.95	0.95	0	2.14496	0.436332	637636706
1	1	4	1	1	2	4	192	192	0.95	0.95	0.95	0	2.2632	0.436332	637669474
1	1	4	1	1	2	5	192	192	0.95	0.95	0.95	0	2.39852	0.436332	637702242
1	1	4	2	1	1	1	192	192	0.95	0.95	0.95	0	1.94619	1.13446	637567202
1	1	4	2	1	1	2	192	192	0.95	0.95	0.95	0	2.04014	1.13446	637599970
1	1	4	2	1	1	3	192	192	0.95	0.95	0.95	0	2.14496	1.13446	637632738
1	1	4	2	1	1	4	192	192	0.95	0.95	0.95	0	2.2632	1.13446	637665506
1	1	4	2	1	1	5	192	192	0.95	0.95	0.95	0	2.39852	1.13446	637698274
1	1	4	2	1	3	1	192	192	0.95	0.95	0.95	0	1.94619	1.8326	637575394
1	1	4	2	1	3	2	192	192	0.95	0.95	0.95	0	2.04014	1.8326	637608162
1	1	4	2	1	3	3	192	192	0.95	0.95	0.95	0	2.14496	1.8326	637640930
1	1	4	2	1	3	4	192	192	0.95	0.95	0.95	0	2.2632	1.8326	637673698
1	1	4	2	1	3	5	192	192	0.95	0.95	0.95	0	2.39852	1.8326	637706466
1	1	4	3	1	2	1	192	192	0.95	0.95	0.95	0	1.94619	2.53073	637571426
1	1	4	3	1	2	2	192	192	0.95	0.95	0.95	0	2.04014	2.53073	637604194
1	1	4	3	1	2	3	192	192	0.95	0.95	0.95	0	2.14496	2.53073	637636962
1	1	4	3	1	2	4	192	192	0.95	0.95	0.95	0	2.2632	2.53073	637669730
1	1	4	3	1	2	5	192	192	0.95	0.95	0.95	0	2.39852	2.53073	637702498
1	1	4	4	1	1	1	192	192	0.95	0.95	0.95	0	1.94619	-3.05433	637567458
1	1	4	4	1	1	2	192	192	0.95	0.95	0.95	0	2.04014	-3.05433	637600226
1	1	4	4	1	1	3	192	192	0.95	0.95	0.95	0	2.14496	-3.05433	637632994
1	1	4	4	1	1	4	192	192	0.95	0.95	0.95	0	2.2632	-3.05433	637665762
1	1	4	4	1	1	5	192	192	0.95	0.95	0.95	0	2.39852	-3.05433	637698530
1	1	4	4	1	3	1	192	192	0.95	0.95	0.95	0	1.94619	-2.35619	637575650
1	1	4	4	1	3	2	192	192	0.95	0.95	0.95	0	2.04014	-2.35619	637608418
1	1	4	4	1	3	3	192	192	0.95	0.95	0.95	0	2.14496	-2.35619	637641186
1	1	4	4	1	3	4	192	192	0.95	0.95	0.95	0	2.2632	-2.35619	637673954
1	1	4	4	1	3	5	192	192	0.95	0.95	0.95	0	2.39852	-2.35619	637706722
1	1	4	5	1	2	1	192	192	0.95	0.95	0.95	0	1.94619	-1.65806	637571682
1	1	4	5	1	2	2	192	192	0.95	0.95	0.95	0	2.04014	-1.65806	637604450
1	1	4	5	1	2	3	192	192	0.95	0.95	0.95	0	2.14496	-1.65806	637637218
1	1	4	5	1	2	4	192	192	0.95	0.95	0.95	0	2.2632	-1.65806	637669986
1	1	4	5	1	2	5	192	192	0.95	0.95	0.95	0	2.39852	-1.65806	637702754
1	1	4	6	1	1	1	192	192	0.95	0.95	0.95	0	1.94619	-0.959931	637567714
1	1	4	6	1	1	2	192	192	0.95	0.95	0.95	0	2.04014	-0.959931	637600482
1	1	4	6	1	1	3	192	192	0.95	0.95	0.95	0	2.14496	-0.959931	637633250
1	1	4	6	1	1	4	192	192	0.95	0.95	0.95	0	2.2632	-0.959931	637666018
1	1	4	6	1	1	5	192	192	0.95	0.95	0.95	0	2.39852	-0.959931	637698786
1	1	4	6	1	3	1	192	192	0.95	0.95	0.95	0	1.94619	-0.261799	637575906
1	1	4	6	1	3	2	192	192	0.95	0.95	0.95	0	2.04014	-0.261799	637608674
1	1	4	6	1	3	3	192	192	0.95	0.95	0.95	0	2.14496	-0.261799	637641442
1	1	4	6	1	3	4	192	192	0.95	0.95	0.95	0	2.2632	-0.261799	637674210
1	1	4	6	1	3	5	192	192	0.95	0.95	0.95	0	2.39852	-0.261799	637706978
-1	2	1	3	1	5	1	32	32	0.986949	0.986949	0.986949	0	-1.2861	2.79253	637583620
-1	2	1	3	1	5	2	32	32	0.982179	0.982179	0.982179	0	-1.39783	2.79253	637616388
-1	2	1	3	1	5	3	32	32	0.976074	0.976074	0.976074	0	-1.56645	2.79253	637649156
-1	2	1	3	1	3	1	32	32	0.91746	0.91746	0.91746	0	-1.2861	2.44346	637575428
-1	2	1	3	1	3	2	32	32	0.948114	0.948114	0.948114	0	-1.39783	2.44346	637608196
-1	2	1	3	1	3	3	32	32	0.940126	0.940126	0.940126	0	-1.56645	2.44346	637640964
-1	2	1	3	1	1	1	32	32	0.991468	0.991468	0.991468	0	-1.2861	2.0944	637567236
-1	2	1	3	1	1	2	32	32	0.985659	0.985659	0.985659	0	-1.39783	2.0944	637600004
-1	2	1	3	1	1	3	32	32	0.977726	0.977726	0.977726	0	-1.56645	2.0944	637632772
-1	2	1	2	1	5	1	32	32	0.98472	0.98472	0.98472	0	-1.2861	1.74533	637583492
-1	2	1	2	1	5	2	32	32	0.993999	0.993999	0.993999	0	-1.39783	1.74533	637616260
-1	2	1	2	1	5	3	32	32	0.985007	0.985007	0.985007	0	-1.56645	1.74533	637649028
-1	2	1	2	1	3	1	32	32	0.975937	0.975937	0.975937	0	-1.2861	1.39626	637575300
-1	2	1	2	1	3	2	32	32	0.987147	0.987147	0.987147	0	-1.39783	1.39626	637608068
-1	2	1	2	1	3	3	32	32	0.96692	0.96692	0.96692	0	-1.56645	1.39626	637640836
-1	2	1	2	1	1	1	32	32	0.987345	0.987345	0.987345	0	-1.2861	1.0472	637567108
-1	2	1	2	1	1	2	32	32	0.969216	0.969216	0.969216	0	-1.39783	1.0472	637599876
-1	2	1	2	1	1	3	32	32	0.965848	0.965848	0.965848	0	-1.56645	1.0472	637632644
-1	2	1	1	1	5	1	32	32	0.992442	0.992442	0.992442	0	-1.2861	0.698132	637583364
-1	2	1	1	1	5	2	32	32	0.983495	0.983495	0.983495	0	-1.39783	0.698132	637616132
-1	2	1	1	1	5	3	32	32	0.976153	0.976153	0.976153	0	-1.56645	0.698132	637648900
-1	2	1	1	1	3	1	32	32	0.990326	0.990326	0.990326	0	-1.2861	0.349066	637575172
-1	2	1	1	1	3	2	32	32	0.976019	0.976019	0.976019	0	-1.39783	0.349066	637607940
-1	2	1	1	1	3	3	32	32	0.911334	0.911334	0.911334	0	-1.56645	0.349066	637640708
-1	2	1	1	1	1	1	32	32	0.987204	0.987204	0.987204	0	-1.2861	5.76822e-16	637566980
-1	2	1	1	1	1	2	32	32	0.977571	0.977571	0.977571	0	-1.39783	6.46535e-16	637599748
-1	2	1	1	1	1	3	32	32	0.939538	0.939538	0.939538	0	-1.56645	7.65761e-16	637632516
-1	2	1	6	1	5	1	32	32	0.98615	0.98615	0.98615	0	-1.2861	-0.349066	637584004
-1	2	1	6	1	5	2	32	32	0.984881	0.984881	0.984881	0	-1.39783	-0.349066	637616772
-1	2	1	6	1	5	3	32	32	0.975082	0.975082	0.975082	0	-1.56645	-0.349066	637649540
-1	2	1	6	1	3	1	32	32	0.978327	0.978327	0.978327	0	-1.2861	-0.698132	637575812
-1	2	1	6	1	3	2	32	32	0.982575	0.982575	0.982575	0	-1.39783	-0.698132	637608580
-1	2	1	6	1	3	3	32	32	0.971503	0.971503	0.971503	0	-1.56645	-0.698132	637641348
-1	2	1	6	1	1	1	32	32	0.870937	0.870937	0.870937	0	-1.2861	-1.0472	637567620
-1	2	1	6	1	1	2	32	32	0.875963	0.875963	0.875963	0	-1.39783	-1.0472	637600388
-1	2	1	6	1	1	3	32	32	0.838283	0.838283	0.838283	0	-1.56645	-1.0472	637633156
-1	2	1	5	1	5	1	32	32	0.992452	0.992452	0.992452	0	-1.2861	-1.39626	637583876
-1	2	1	5	1	5	2	32	32	0.988722	0.988722	0.988722	0	-1.39783	-1.39626	637616644
-1	2	1	5	1	5	3	32	32	0.957855	0.957855	0.957855	0	-1.56645	-1.39626	637649412
-1	2	1	5	1	3	1	32	32	0.994689	0.994689	0.994689	0	-1.2861	-1.74533	637575684
-1	2	1	5	1	3	2	32	32	0.986976	0.986976	0.986976	0	-1.39783	-1.74533	637608452
-1	2	1	5	1	3	3	32	32	0.978951	0.978951	0.978951	0	-1.56645	-1.74533	637641220
-1	2	1	5	1	1	1	32	32	0.94032	0.94032	0.94032	0	-1.2861	-2.0944	637567492
-1	2	1	5	1	1	2	32	32	0.92556	0.92556	0.92556	0	-1.39783	-2.0944	637600260
-1	2	1	5	1	1	3	32	32	0.89341	0.89341	0.89341	0	-1.56645	-2.0944	637633028
-1	2	1	4	1	5	1	32	32	0.980018	0.980018	0.980018	0	-1.2861	-2.44346	637583748
-1	2	1	4	1	5	2	32	32	0.982722	0.982722	0.982722	0	-1.39783	-2.44346	637616516
-1	2	1	4	1	5	3	32	32	0.976731	0.976731	0.976731	0	-1.56645	-2.44346	637649284
-1	2	1	4	1	3	1	32	32	0.992423	0.992423	0.992423	0	-1.2861	-2.79253	637575556
-1	2	1	4	1	3	2	32	32	0.984108	0.984108	0.984108	0	-1.39783	-2.79253	637608324
-1	2	1	4	1	3	3	32	32	0.978825	0.978825	0.978825	0	-1.56645	-2.79253	637641092
-1	2	1	4	1	1	1	32	32	0.990448	0.990448	0.990448	0	-1.2861	-3.14159	637567364
-1	2	1	4	1	1	2	32	32	0.985544	0.985544	0.985544	0	-1.39783	-3.14159	637600132
-1	2	1	4	1	1	3	32	32	0.979362	0.979362	0.979362	0	-1.56645	-3.14159	637632900
-1	2	1	3	1	6	1	32	32	0.956718	0.956718	0.956718	0	-1.24885	2.96706	637587716
-1	2	1	3	1	6	2	32	32	0.980138	0.980138	0.980138	0	-1.35938	2.96706	637620484
-1	2	1	3	1	6	3	32	32	0.953131	0.953131	0.953131	0	-1.52658	2.96706	637653252
-1	2	1	3	1	4	1	32	32	0.960222	0.960222	0.960222	0	-1.24885	2.61799	637579524
-1	2	1	3	1	4	2	32	32	0.972009	0.972009	0.972009	0	-1.35938	2.61799	637612292
-1	2	1	3	1	4	3	32	32	0.92752	0.92752	0.92752	0	-1.52658	2.61799	637645060
-1	2	1	3	1	2	1	32	32	0.951593	0.951593	0.951593	0	-1.24885	2.26893	637571332
-1	2	1	3	1	2	2	32	32	0.980295	0.980295	0.980295	0	-1.35938	2.26893	637604100
-1	2	1	3	1	2	3	32	32	0.923785	0.923785	0.923785	0	-1.52658	2.26893	637636868
-1	2	1	2	1	6	1	32	32	0.986793	0.986793	0.986793	0	-1.24885	1.91986	637587588
-1	2	1	2	1	6	2	32	32	0.981986	0.981986	0.981986	0	-1.35938	1.91986	637620356
-1	2	1	2	1	6	3	32	32	0.964648	0.964648	0.964648	0	-1.52658	1.91986	637653124
-1	2	1	2	1	4	1	32	32	0.925989	0.925989	0.925989	0	-1.24885	1.5708	637579396
-1	2	1	2	1	4	2	32	32	0.951017	0.951017	0.951017	0	-1.35938	1.5708	637612164
-1	2	1	2	1	4	3	32	32	0.875769	0.875769	0.875769	0	-1.52658	1.5708	637644932
-1	2	1	2	1	2	1	32	32	0.985438	0.985438	0.985438	0	-1.24885	1.22173	637571204
-1	2	1	2	1	2	2	32	32	0.986535	0.986535	0.986535	0	-1.35938	1.22173	637603972
-1	2	1	2	1	2	3	32	32	0.972848	0.972848	0.972848	0	-1.52658	1.22173	637636740
-1	2	1	1	1	6	1	32	32	0.978125	0.978125	0.978125	0	-1.24885	0.872665	637587460
-1	2	1	1	1	6	2	32	32	0.974331	0.974331	0.974331	0	-1.35938	0.872665	637620228
-1	2	1	1	1	6	3	32	32	0.955002	0.955002	0.955002	0	-1.52658	0.872665	637652996
-1	2	1	1	1	4	1	32	32	0.973234	0.973234	0.973234	0	-1.24885	0.523599	637579268
-1	2	1	1	1	4	2	32	32	0.967159	0.967159	0.967159	0	-1.35938	0.523599	637612036
-1	2	1	1	1	4	3	32	32	0.942555	0.942555	0.942555	0	-1.52658	0.523599	637644804
-1	2	1	1	1	2	1	32	32	0.960503	0.960503	0.960503	0	-1.24885	0.174533	637571076
-1	2	1	1	1	2	2	32	32	0.959372	0.959372	0.959372	0	-1.35938	0.174533	637603844
-1	2	1	1	1	2	3	32	32	0.962694	0.962694	0.962694	0	-1.52658	0.174533	637636612
-1	2	1	6	1	6	1	32	32	0.969076	0.969076	0.969076	0	-1.24885	-0.174533	637588100
-1	2	1	6	1	6	2	32	32	0.952927	0.952927	0.952927	0	-1.35938	-0.174533	637620868
-1	2	1	6	1	6	3	32	32	0.93616	0.93616	0.93616	0	-1.52658	-0.174533	637653636
-1	2	1	6	1	4	1	32	32	0.966485	0.966485	0.966485	0	-1.24885	-0.523599	637579908
-1	2	1	6	1	4	2	32	32	0.978896	0.978896	0.978896	0	-1.35938	-0.523599	637612676
-1	2	1	6	1	4	3	32	32	0.934376	0.934376	0.934376	0	-1.52658	-0.523599	637645444
-1	2	1	6	1	2	1	32	32	0.986183	0.986183	0.986183	0	-1.24885	-0.872665	637571716
-1	2	1	6	1	2	2	32	32	0.984617	0.984617	0.984617	0	-1.35938	-0.872665	637604484
-1	2	1	6	1	2	3	32	32	0.977259	0.977259	0.977259	0	-1.52658	-0.872665	637637252
-1	2	1	5	1	6	1	32	32	0.920439	0.920439	0.920439	0	-1.24885	-1.22173	637587972
-1	2	1	5	1	6	2	32	32	0.981991	0.981991	0.981991	0	-1.35938	-1.22173	637620740
-1	2	1	5	1	6	3	32	32	0.963068	0.963068	0.963068	0	-1.52658	-1.22173	637653508
-1	2	1	5	1	4	1	32	32	0.948549	0.948549	0.948549	0	-1.24885	-1.5708	637579780
-1	2	1	5	1	4	2	32	32	0.957735	0.957735	0.957735	0	-1.35938	-1.5708	637612548
-1	2	1	5	1	4	3	32	32	0.965036	0.965036	0.965036	0	-1.52658	-1.5708	637645316
-1	2	1	5	1	2	1	32	32	0.934393	0.934393	0.934393	0	-1.24885	-1.91986	637571588
-1	2	1	5	1	2	2	32	32	0.937779	0.937779	0.937779	0	-1.35938	-1.91986	637604356
-1	2	1	5	1	2	3	32	32	0.902056	0.902056	0.902056	0	-1.52658	-1.91986	637637124
-1	2	1	4	1	6	1	32	32	0.794774	0.794774	0.794774	0	-1.24885	-2.26893	637587844
-1	2	1	4	1	6	2	32	32	0.927888	0.927888	0.927888	0	-1.35938	-2.26893	637620612
-1	2	1	4	1	6	3	32	32	0.86183	0.86183	0.86183	0	-1.52658	-2.26893	637653380
-1	2	1	4	1	4	1	32	32	0.962299	0.962299	0.962299	0	-1.24885	-2.61799	637579652
-1	2	1	4	1	4	2	32	32	0.970681	0.970681	0.970681	0	-1.35938	-2.61799	637612420
-1	2	1	4	1	4	3	32	32	0.980322	0.980322	0.980322	0	-1.52658	-2.61799	637645188
-1	2	1	4	1	2	1	32	32	0.949439	0.949439	0.949439	0	-1.24885	-2.96706	637571460
-1	2	1	4	1	2	2	32	32	0.935728	0.935728	0.935728	0	-1.35938	-2.96706	637604228
-1	2	1	4	1	2	3	32	32	0.969104	0.969104	0.969104	0	-1.52658	-2.96706	637636996
-1	3	1	3	1	6	1	32	32	0.935576	0.935576	0.935576	0	-0.937999	2.96706	637587720
-1	3	1	3	1	6	2	32	32	0.902596	0.902596	0.902596	0	-1.00819	2.96706	637620488
-1	3	1	3	1	6	3	32	32	0.96181	0.96181	0.96181	0	-1.10048	2.96706	637653256
-1	3	1	3	1	4	1	32	32	0.802286	0.802286	0.802286	0	-0.937999	2.61799	637579528
-1	3	1	3	1	4	2	32	32	0.771453	0.771453	0.771453	0	-1.00819	2.61799	637612296
-1	3	1	3	1	4	3	32	32	0.732341	0.732341	0.732341	0	-1.10048	2.61799	637645064
-1	3	1	3	1	2	1	32	32	0.822962	0.822962	0.822962	0	-0.937999	2.26893	637571336
-1	3	1	3	1	2	2	32	32	0.65549	0.65549	0.65549	0	-1.00819	2.26893	637604104
-1	3	1	3	1	2	3	32	32	0.641997	0.641997	0.641997	0	-1.10048	2.26893	637636872
-1	3	1	2	1	6	1	32	32	0.958695	0.958695	0.958695	0	-0.937999	1.91986	637587592
-1	3	1	2	1	6	2	32	32	0.96611	0.96611	0.96611	0	-1.00819	1.91986	637620360
-1	3	1	2	1	6	3	32	32	0.95646	0.95646	0.95646	0	-1.10048	1.91986	637653128
-1	3	1	2	1	4	1	32	32	0	0	0	32	-0.937999	1.5708	637579400
-1	3	1	2	1	4	2	32	32	0	0	0	32	-1.00819	1.5708	637612168
-1	3	1	2	1	4	3	32	32	0	0	0	32	-1.10048	1.5708	637644936
-1	3	1	2	1	2	1	32	32	0.828535	0.828535	0.828535	0	-0.937999	1.22173	637571208
-1	3	1	2	1	2	2	32	32	0.787537	0.787537	0.787537	0	-1.00819	1.22173	637603976
-1	3	1	2	1	2	3	32	32	0.771724	0.771724	0.771724	0	-1.10048	1.22173	637636744
-1	3	1	1	1	6	1	32	32	0.976384	0.976384	0.976384	0	-0.937999	0.872665	637587464
-1	3	1	1	1	6	2	32	32	0.953163	0.953163	0.953163	0	-1.00819	0.872665	637620232
-1	3	1	1	1	6	3	32	32	0.979886	0.979886	0.979886	0	-1.10048	0.872665	637653000
-1	3	1	1	1	4	1	32	32	0.979485	0.979485	0.979485	0	-0.937999	0.523599	637579272
-1	3	1	1	1	4	2	32	32	0.934938	0.934938	0.934938	0	-1.00819	0.523599	637612040
-1	3	1	1	1	4	3	32	32	0.937623	0.937623	0.937623	0	-1.10048	0.523599	637644808
-1	3	1	1	1	2	1	32	32	0.976485	0.976485	0.976485	0	-0.937999	0.174533	637571080
-1	3	1	1	1	2	2	32	32	0.883805	0.883805	0.883805	0	-1.00819	0.174533	637603848
-1	3	1	1	1	2	3	32	32	0.916422	0.916422	0.916422	0	-1.10048	0.174533	637636616
-1	3	1	6	1	6	1	32	32	0.982303	0.982303	0.982303	0	-0.937999	-0.174533	637588104
-1	3	1	6	1	6	2	32	32	0.93689	0.93689	0.93689	0	-1.00819	-0.174533	637620872
-1	3	1	6	1	6	3	32	32	0.972149	0.972149	0.972149	0	-1.10048	-0.174533	637653640
-1	3	1	6	1	4	1	32	32	0.935036	0.935036	0.935036	0	-0.937999	-0.523599	637579912
-1	3	1	6	1	4	2	32	32	0.87949	0.87949	0.87949	0	-1.00819	-0.523599	637612680
-1	3	1	6	1	4	3	32	32	0.95118	0.95118	0.95118	0	-1.10048	-0.523599	637645448
-1	3	1	6	1	2	1	32	32	0.257531	0.257531	0.257531	0	-0.937999	-0.872665	637571720
-1	3	1	6	1	2	2	32	32	0.269508	0.269508	0.269508	0	-1.00819	-0.872665	637604488
-1	3	1	6	1	2	3	32	32	0.952146	0.952146	0.952146	0	-1.10048	-0.872665	637637256
-1	3	1	5	1	6	1	32	32	0.90641	0.90641	0.90641	0	-0.937999	-1.22173	637587976
-1	3	1	5	1	6	2	32	32	0.935595	0.935595	0.935595	0	-1.00819	-1.22173	637620744
-1	3	1	5	1	6	3	32	32	0.97298	0.97298	0.97298	0	-1.10048	-1.22173	637653512
-1	3	1	5	1	4	1	32	32	0.837849	0.837849	0.837849	0	-0.937999	-1.5708	637579784
-1	3	1	5	1	4	2	32	32	0.678963	0.678963	0.678963	0	-1.00819	-1.5708	637612552
-1	3	1	5	1	4	3	32	32	0.708991	0.708991	0.708991	0	-1.10048	-1.5708	637645320
-1	3	1	5	1	2	1	32	32	0.981632	0.981632	0.981632	0	-0.937999	-1.91986	637571592
-1	3	1	5	1	2	2	32	32	0.943748	0.943748	0.943748	0	-1.00819	-1.91986	637604360
-1	3	1	5	1	2	3	32	32	0.967826	0.967826	0.967826	0	-1.10048	-1.91986	637637128
-1	3	1	4	1	6	1	32	32	0.879651	0.879651	0.879651	0	-0.937999	-2.26893	637587848
-1	3	1	4	1	6	2	32	32	0.916017	0.916017	0.916017	0	-1.00819	-2.26893	637620616
-1	3	1	4	1	6	3	32	32	0.972354	0.972354	0.972354	0	-1.10048	-2.26893	637653384
-1	3	1	4	1	4	1	32	32	0.975869	0.975869	0.975869	0	-0.937999	-2.61799	637579656
-1	3	1	4	1	4	2	32	32	0.963678	0.963678	0.963678	0	-1.00819	-2.61799	637612424
-1	3	1	4	1	4	3	32	32	0.974657	0.974657	0.974657	0	-1.10048	-2.61799	637645192
-1	3	1	4	1	2	1	32	32	0.927489	0.927489	0.927489	0	-0.937999	-2.96706	637571464
-1	3	1	4	1	2	2	32	32	0.882243	0.882243	0.882243	0	-1.00819	-2.96706	637604232
-1	3	1	4	1	2	3	32	32	0.944141	0.944141	0.944141	0	-1.10048	-2.96706	637637000
-1	3	1	3	1	5	1	32	32	0.974119	0.974119	0.974119	0	-0.942508	2.79253	637583624
-1	3	1	3	1	5	2	32	32	0.969593	0.969593	0.969593	0	-1.01289	2.79253	637616392
-1	3	1	3	1	5	3	32	32	0.975466	0.975466	0.975466	0	-1.10539	2.79253	637649160
-1	3	1	3	1	3	1	32	32	0.873997	0.873997	0.873997	0	-0.942508	2.44346	637575432
-1	3	1	3	1	3	2	32	32	0.940789	0.940789	0.940789	0	-1.01289	2.44346	637608200
-1	3	1	3	1	3	3	32	32	0.971947	0.971947	0.971947	0	-1.10539	2.44346	637640968
-1	3	1	3	1	1	1	32	32	0.955519	0.955519	0.955519	0	-0.942508	2.0944	637567240
-1	3	1	3	1	1	2	32	32	0.970876	0.970876	0.970876	0	-1.01289	2.0944	637600008
-1	3	1	3	1	1	3	32	32	0.971271	0.971271	0.971271	0	-1.10539	2.0944	637632776
-1	3	1	2	1	5	1	32	32	0.932231	0.932231	0.932231	0	-0.942508	1.74533	637583496
-1	3	1	2	1	5	2	32	32	0.955434	0.955434	0.955434	0	-1.01289	1.74533	637616264
-1	3	1	2	1	5	3	32	32	0.96319	0.96319	0.96319	0	-1.10539	1.74533	637649032
-1	3	1	2	1	3	1	32	32	0.948704	0.948704	0.948704	0	-0.942508	1.39626	637575304
-1	3	1	2	1	3	2	32	32	0.954599	0.954599	0.954599	0	-1.01289	1.39626	637608072
-1	3	1	2	1	3	3	32	32	0.974392	0.974392	0.974392	0	-1.10539	1.39626	637640840
-1	3	1	2	1	1	1	32	32	0.894286	0.894286	0.894286	0	-0.942508	1.0472	637567112
-1	3	1	2	1	1	2	32	32	0.941352	0.941352	0.941352	0	-1.01289	1.0472	637599880
-1	3	1	2	1	1	3	32	32	0.938705	0.938705	0.938705	0	-1.10539	1.0472	637632648
-1	3	1	1	1	5	1	32	32	0.947531	0.947531	0.947531	0	-0.942508	0.698132	637583368
-1	3	1	1	1	5	2	32	32	0.94711	0.94711	0.94711	0	-1.01289	0.698132	637616136
-1	3	1	1	1	5	3	32	32	0.953739	0.953739	0.953739	0	-1.10539	0.698132	637648904
-1	3	1	1	1	3	1	32	32	0.945599	0.945599	0.945599	0	-0.942508	0.349066	637575176
-1	3	1	1	1	3	2	32	32	0.918057	0.918057	0.918057	0	-1.01289	0.349066	637607944
-1	3	1	1	1	3	3	32	32	0.952242	0.952242	0.952242	0	-1.10539	0.349066	637640712
-1	3	1	1	1	1	1	32	32	0.924725	0.924725	0.924725	0	-0.942508	5.09842e-17	637566984
-1	3	1	1	1	1	2	32	32	0.926767	0.926767	0.926767	0	-1.01289	7.93783e-17	637599752
-1	3	1	1	1	1	3	32	32	0.945349	0.945349	0.945349	0	-1.10539	1.19118e-16	637632520
-1	3	1	6	1	5	1	32	32	0.850886	0.850886	0.850886	0	-0.942508	-0.349066	637584008
-1	3	1	6	1	5	2	32	32	0.979345	0.979345	0.979345	0	-1.01289	-0.349066	637616776
-1	3	1	6	1	5	3	32	32	0.974121	0.974121	0.974121	0	-1.10539	-0.349066	637649544
-1	3	1	6	1	3	1	32	32	0.928068	0.928068	0.928068	0	-0.942508	-0.698132	637575816
-1	3	1	6	1	3	2	32	32	0.918788	0.918788	0.918788	0	-1.01289	-0.698132	637608584
-1	3	1	6	1	3	3	32	32	0.974145	0.974145	0.974145	0	-1.10539	-0.698132	637641352
-1	3	1	6	1	1	1	32	32	0.85365	0.85365	0.85365	0	-0.942508	-1.0472	637567624
-1	3	1	6	1	1	2	32	32	0.805442	0.805442	0.805442	0	-1.01289	-1.0472	637600392
-1	3	1	6	1	1	3	32	32	0.819872	0.819872	0.819872	0	-1.10539	-1.0472	637633160
-1	3	1	5	1	5	1	32	32	0.985942	0.985942	0.985942	0	-0.942508	-1.39626	637583880
-1	3	1	5	1	5	2	32	32	0.93627	0.93627	0.93627	0	-1.01289	-1.39626	637616648
-1	3	1	5	1	5	3	32	32	0.97172	0.97172	0.97172	0	-1.10539	-1.39626	637649416
-1	3	1	5	1	3	1	32	32	0.978642	0.978642	0.978642	0	-0.942508	-1.74533	637575688
-1	3	1	5	1	3	2	32	32	0.965937	0.965937	0.965937	0	-1.01289	-1.74533	637608456
-1	3	1	5	1	3	3	32	32	0.984662	0.984662	0.984662	0	-1.10539	-1.74533	637641224
-1	3	1	5	1	1	1	32	32	0.954048	0.954048	0.954048	0	-0.942508	-2.0944	637567496
-1	3	1	5	1	1	2	32	32	0.953223	0.953223	0.953223	0	-1.01289	-2.0944	637600264
-1	3	1	5	1	1	3	32	32	0.973043	0.973043	0.973043	0	-1.10539	-2.0944	637633032
-1	3	1	4	1	5	1	32	32	0.872643	0.872643	0.872643	0	-0.942508	-2.44346	637583752
-1	3	1	4	1	5	2	32	32	0.80381	0.80381	0.80381	0	-1.01289	-2.44346	637616520
-1	3	1	4	1	5	3	32	32	0.797707	0.797707	0.797707	0	-1.10539	-2.44346	637649288
-1	3	1	4	1	3	1	32	32	0.921041	0.921041	0.921041	0	-0.942508	-2.79253	637575560
-1	3	1	4	1	3	2	32	32	0.96661	0.96661	0.96661	0	-1.01289	-2.79253	637608328
-1	3	1	4	1	3	3	32	32	0.977914	0.977914	0.977914	0	-1.10539	-2.79253	637641096
-1	3	1	4	1	1	1	32	32	0.984297	0.984297	0.984297	0	-0.942508	-3.14159	637567368
-1	3	1	4	1	1	2	32	32	0.965867	0.965867	0.965867	0	-1.01289	-3.14159	637600136
-1	3	1	4	1	1	3	32	32	0.973679	0.973679	0.973679	0	-1.10539	-3.14159	637632904
-1	2	2	3	1	6	1	32	32	0.898663	0.898663	0.898663	0	-1.2961	2.96706	637587748
-1	2	2	3	1	6	2	32	32	0.960139	0.960139	0.960139	0	-1.41396	2.96706	637620516
-1	2	2	3	1	6	3	32	32	0.978061	0.978061	0.978061	0	-1.53653	2.96706	637653284
-1	3	2	3	1	6	1	32	32	0.95	0.95	0.95	0	-1.00405	2.96706	637587752
-1	3	2	3	1	6	2	32	32	0.838005	0.838005	0.838005	0	-1.08373	2.96706	637620520
-1	3	2	3	1	6	3	32	32	0.8863	0.8863	0.8863	0	-1.18264	2.96706	637653288
-1	2	2	3	1	4	1	32	32	0.895022	0.895022	0.895022	0	-1.2961	2.61799	637579556
-1	2	2	3	1	4	2	32	32	0.945762	0.945762	0.945762	0	-1.41396	2.61799	637612324
-1	2	2	3	1	4	3	32	32	0.97988	0.97988	0.97988	0	-1.53653	2.61799	637645092
-1	3	2	3	1	4	1	32	32	0.95	0.95	0.95	0	-1.00405	2.61799	637579560
-1	3	2	3	1	4	2	32	32	0.92675	0.92675	0.92675	0	-1.08373	2.61799	637612328
-1	3	2	3	1	4	3	32	32	0.894638	0.894638	0.894638	0	-1.18264	2.61799	637645096
-1	2	2	3	1	2	1	32	32	0.95161	0.95161	0.95161	0	-1.2961	2.26893	637571364
-1	2	2	3	1	2	2	32	32	0.972744	0.972744	0.972744	0	-1.41396	2.26893	637604132
-1	2	2	3	1	2	3	32	32	0.979907	0.979907	0.979907	0	-1.53653	2.26893	637636900
-1	3	2	3	1	2	1	32	32	0.95	0.95	0.95	0	-1.00405	2.26893	637571368
-1	3	2	3	1	2	2	32	32	0.883157	0.883157	0.883157	0	-1.08373	2.26893	637604136
-1	3	2	3	1	2	3	32	32	0.758396	0.758396	0.758396	0	-1.18264	2.26893	637636904
-1	2	2	2	1	6	1	32	32	0.901937	0.901937	0.901937	0	-1.2961	1.91986	637587620
-1	2	2	2	1	6	2	32	32	0.95991	0.95991	0.95991	0	-1.41396	1.91986	637620388
-1	2	2	2	1	6	3	32	32	0.986077	0.986077	0.986077	0	-1.53653	1.91986	637653156
-1	3	2	2	1	6	1	32	32	0.95	0.95	0.95	0	-1.00405	1.91986	637587624
-1	3	2	2	1	6	2	32	32	0.76615	0.76615	0.76615	0	-1.08373	1.91986	637620392
-1	3	2	2	1	6	3	32	32	0.806654	0.806654	0.806654	0	-1.18264	1.91986	637653160
-1	2	2	2	1	4	1	32	32	0.872179	0.872179	0.872179	0	-1.2961	1.5708	637579428
-1	2	2	2	1	4	2	32	32	0.958493	0.958493	0.958493	0	-1.41396	1.5708	637612196
-1	2	2	2	1	4	3	32	32	0.984275	0.984275	0.984275	0	-1.53653	1.5708	637644964
-1	3	2	2	1	4	1	32	32	0.95	0.95	0.95	0	-1.00405	1.5708	637579432
-1	3	2	2	1	4	2	32	32	0.919483	0.919483	0.919483	0	-1.08373	1.5708	637612200
-1	3	2	2	1	4	3	32	32	0.924369	0.924369	0.924369	0	-1.18264	1.5708	637644968
-1	2	2	2	1	2	1	32	32	0.950786	0.950786	0.950786	0	-1.2961	1.22173	637571236
-1	2	2	2	1	2	2	32	32	0.963414	0.963414	0.963414	0	-1.41396	1.22173	637604004
-1	2	2	2	1	2	3	32	32	0.981618	0.981618	0.981618	0	-1.53653	1.22173	637636772
-1	3	2	2	1	2	1	32	32	0.95	0.95	0.95	0	-1.00405	1.22173	637571240
-1	3	2	2	1	2	2	32	32	0.980408	0.980408	0.980408	0	-1.08373	1.22173	637604008
-1	3	2	2	1	2	3	32	32	0.935246	0.935246	0.935246	0	-1.18264	1.22173	637636776
-1	2	2	1	1	6	1	32	32	0.900312	0.900312	0.900312	0	-1.2961	0.872665	637587492
-1	2	2	1	1	6	2	32	32	0.964761	0.964761	0.964761	0	-1.41396	0.872665	637620260
-1	2	2	1	1	6	3	32	32	0.9758	0.9758	0.9758	0	-1.53653	0.872665	637653028
-1	3	2	1	1	6	1	32	32	0.95	0.95	0.95	0	-1.00405	0.872665	637587496
-1	3	2	1	1	6	2	32	32	0.852001	0.852001	0.852001	0	-1.08373	0.872665	637620264
-1	3	2	1	1	6	3	32	32	0.849013	0.849013	0.849013	0	-1.18264	0.872665	637653032
-1	2	2	1	1	4	1	32	32	0.825031	0.825031	0.825031	0	-1.2961	0.523599	637579300
-1	2	2	1	1	4	2	32	32	0.912977	0.912977	0.912977	0	-1.41396	0.523599	637612068
-1	2	2	1	1	4	3	32	32	0.967906	0.967906	0.967906	0	-1.53653	0.523599	637644836
-1	3	2	1	1	4	1	32	32	0.95	0.95	0.95	0	-1.00405	0.523599	637579304
-1	3	2	1	1	4	2	32	32	0.961804	0.961804	0.961804	0	-1.08373	0.523599	637612072
-1	3	2	1	1	4	3	32	32	0.899679	0.899679	0.899679	0	-1.18264	0.523599	637644840
-1	2	2	1	1	2	1	32	32	0.962021	0.962021	0.962021	0	-1.2961	0.174533	637571108
-1	2	2	1	1	2	2	32	32	0.977997	0.977997	0.977997	0	-1.41396	0.174533	637603876
-1	2	2	1	1	2	3	32	32	0.984719	0.984719	0.984719	0	-1.53653	0.174533	637636644
-1	3	2	1	1	2	1	32	32	0.95	0.95	0.95	0	-1.00405	0.174533	637571112
-1	3	2	1	1	2	2	32	32	0.935421	0.935421	0.935421	0	-1.08373	0.174533	637603880
-1	3	2	1	1	2	3	32	32	0.918139	0.918139	0.918139	0	-1.18264	0.174533	637636648
-1	2	2	6	1	6	1	32	32	0.911123	0.911123	0.911123	0	-1.2961	-0.174533	637588132
-1	2	2	6	1	6	2	32	32	0.970654	0.970654	0.970654	0	-1.41396	-0.174533	637620900
-1	2	2	6	1	6	3	32	32	0.979343	0.979343	0.979343	0	-1.53653	-0.174533	637653668
-1	3	2	6	1	6	1	32	32	0.95	0.95	0.95	0	-1.00405	-0.174533	637588136
-1	3	2	6	1	6	2	32	32	0.825112	0.825112	0.825112	0	-1.08373	-0.174533	637620904
-1	3	2	6	1	6	3	32	32	0.8718	0.8718	0.8718	0	-1.18264	-0.174533	637653672
-1	2	2	6	1	4	1	32	32	0.878198	0.878198	0.878198	0	-1.2961	-0.523599	637579940
-1	2	2	6	1	4	2	32	32	0.939871	0.939871	0.939871	0	-1.41396	-0.523599	637612708
-1	2	2	6	1	4	3	32	32	0.984	0.984	0.984	0	-1.53653	-0.523599	637645476
-1	3	2	6	1	4	1	32	32	0.95	0.95	0.95	0	-1.00405	-0.523599	637579944
-1	3	2	6	1	4	2	32	32	0.895775	0.895775	0.895775	0	-1.08373	-0.523599	637612712
-1	3	2	6	1	4	3	32	32	0.822293	0.822293	0.822293	0	-1.18264	-0.523599	637645480
-1	2	2	6	1	2	1	32	32	0.906972	0.906972	0.906972	0	-1.2961	-0.872665	637571748
-1	2	2	6	1	2	2	32	32	0.565892	0.565892	0.565892	0	-1.41396	-0.872665	637604516
-1	2	2	6	1	2	3	32	32	0.982734	0.982734	0.982734	0	-1.53653	-0.872665	637637284
-1	3	2	6	1	2	1	32	32	0.95	0.95	0.95	0	-1.00405	-0.872665	637571752
-1	3	2	6	1	2	2	32	32	0.389313	0.389313	0.389313	0	-1.08373	-0.872665	637604520
-1	3	2	6	1	2	3	32	32	0.814328	0.814328	0.814328	0	-1.18264	-0.872665	637637288
-1	2	2	5	1	6	1	32	32	0.86649	0.86649	0.86649	0	-1.2961	-1.22173	637588004
-1	2	2	5	1	6	2	32	32	0.885702	0.885702	0.885702	0	-1.41396	-1.22173	637620772
-1	2	2	5	1	6	3	32	32	0.981865	0.981865	0.981865	0	-1.53653	-1.22173	637653540
-1	3	2	5	1	6	1	32	32	0.95	0.95	0.95	0	-1.00405	-1.22173	637588008
-1	3	2	5	1	6	2	32	32	0.783446	0.783446	0.783446	0	-1.08373	-1.22173	637620776
-1	3	2	5	1	6	3	32	32	0.852919	0.852919	0.852919	0	-1.18264	-1.22173	637653544
-1	2	2	5	1	4	1	32	32	0.9083	0.9083	0.9083	0	-1.2961	-1.5708	637579812
-1	2	2	5	1	4	2	32	32	0.956928	0.956928	0.956928	0	-1.41396	-1.5708	637612580
-1	2	2	5	1	4	3	32	32	0.977746	0.977746	0.977746	0	-1.53653	-1.5708	637645348
-1	3	2	5	1	4	1	32	32	0.95	0.95	0.95	0	-1.00405	-1.5708	637579816
-1	3	2	5	1	4	2	32	32	0.907394	0.907394	0.907394	0	-1.08373	-1.5708	637612584
-1	3	2	5	1	4	3	32	32	0.867156	0.867156	0.867156	0	-1.18264	-1.5708	637645352
-1	2	2	5	1	2	1	32	32	0.927668	0.927668	0.927668	0	-1.2961	-1.91986	637571620
-1	2	2	5	1	2	2	32	32	0.95777	0.95777	0.95777	0	-1.41396	-1.91986	637604388
-1	2	2	5	1	2	3	32	32	0.98424	0.98424	0.98424	0	-1.53653	-1.91986	637637156
-1	3	2	5	1	2	1	32	32	0.95	0.95	0.95	0	-1.00405	-1.91986	637571624
-1	3	2	5	1	2	2	32	32	0.928337	0.928337	0.928337	0	-1.08373	-1.91986	637604392
-1	3	2	5	1	2	3	32	32	0.69116	0.69116	0.69116	0	-1.18264	-1.91986	637637160
-1	2	2	4	1	6	1	32	32	0.953463	0.953463	0.953463	0	-1.2961	-2.26893	637587876
-1	2	2	4	1	6	2	32	32	0.969136	0.969136	0.969136	0	-1.41396	-2.26893	637620644
-1	2	2	4	1	6	3	32	32	0.984247	0.984247	0.984247	0	-1.53653	-2.26893	637653412
-1	3	2	4	1	6	1	32	32	0.95	0.95	0.95	0	-1.00405	-2.26893	637587880
-1	3	2	4	1	6	2	32	32	0.863369	0.863369	0.863369	0	-1.08373	-2.26893	637620648
-1	3	2	4	1	6	3	32	32	0.938967	0.938967	0.938967	0	-1.18264	-2.26893	637653416
-1	2	2	4	1	4	1	32	32	0.791448	0.791448	0.791448	0	-1.2961	-2.61799	637579684
-1	2	2	4	1	4	2	32	32	0.835557	0.835557	0.835557	0	-1.41396	-2.61799	637612452
-1	2	2	4	1	4	3	32	32	0.845642	0.845642	0.845642	0	-1.53653	-2.61799	637645220
-1	3	2	4	1	4	1	32	32	0.95	0.95	0.95	0	-1.00405	-2.61799	637579688
-1	3	2	4	1	4	2	32	32	0.873349	0.873349	0.873349	0	-1.08373	-2.61799	637612456
-1	3	2	4	1	4	3	32	32	0.843108	0.843108	0.843108	0	-1.18264	-2.61799	637645224
-1	2	2	4	1	2	1	32	32	0.95237	0.95237	0.95237	0	-1.2961	-2.96706	637571492
-1	2	2	4	1	2	2	32	32	0.976312	0.976312	0.976312	0	-1.41396	-2.96706	637604260
-1	2	2	4	1	2	3	32	32	0.980525	0.980525	0.980525	0	-1.53653	-2.96706	637637028
-1	3	2	4	1	2	1	32	32	0.95	0.95	0.95	0	-1.00405	-2.96706	637571496
-1	3	2	4	1	2	2	32	32	0.971022	0.971022	0.971022	0	-1.08373	-2.96706	637604264
-1	3	2	4	1	2	3	32	32	0.937776	0.937776	0.937776	0	-1.18264	-2.96706	637637032
-1	2	2	3	1	5	1	32	32	0.956668	0.956668	0.956668	0	-1.30089	2.79253	637583652
-1	2	2	3	1	5	2	32	32	0.936924	0.936924	0.936924	0	-1.41891	2.79253	637616420
-1	2	2	3	1	5	3	32	32	0.987087	0.987087	0.987087	0	-1.54161	2.79253	637649188
-1	3	2	3	1	5	1	32	32	0.95	0.95	0.95	0	-1.0083	2.79253	637583656
-1	3	2	3	1	5	2	32	32	0.965405	0.965405	0.965405	0	-1.08815	2.79253	637616424
-1	3	2	3	1	5	3	32	32	0.95161	0.95161	0.95161	0	-1.18726	2.79253	637649192
-1	2	2	3	1	3	1	32	32	0.976134	0.976134	0.976134	0	-1.30089	2.44346	637575460
-1	2	2	3	1	3	2	32	32	0.93662	0.93662	0.93662	0	-1.41891	2.44346	637608228
-1	2	2	3	1	3	3	32	32	0.988403	0.988403	0.988403	0	-1.54161	2.44346	637640996
-1	3	2	3	1	3	1	32	32	0.95	0.95	0.95	0	-1.0083	2.44346	637575464
-1	3	2	3	1	3	2	32	32	0.893272	0.893272	0.893272	0	-1.08815	2.44346	637608232
-1	3	2	3	1	3	3	32	32	0.849507	0.849507	0.849507	0	-1.18726	2.44346	637641000
-1	2	2	3	1	1	1	32	32	0.951735	0.951735	0.951735	0	-1.30089	2.0944	637567268
-1	2	2	3	1	1	2	32	32	0.939275	0.939275	0.939275	0	-1.41891	2.0944	637600036
-1	2	2	3	1	1	3	32	32	0.989292	0.989292	0.989292	0	-1.54161	2.0944	637632804
-1	3	2	3	1	1	1	32	32	0.95	0.95	0.95	0	-1.0083	2.0944	637567272
-1	3	2	3	1	1	2	32	32	0.921214	0.921214	0.921214	0	-1.08815	2.0944	637600040
-1	3	2	3	1	1	3	32	32	0.806955	0.806955	0.806955	0	-1.18726	2.0944	637632808
-1	2	2	2	1	5	1	32	32	0.952312	0.952312	0.952312	0	-1.30089	1.74533	637583524
-1	2	2	2	1	5	2	32	32	0.942925	0.942925	0.942925	0	-1.41891	1.74533	637616292
-1	2	2	2	1	5	3	32	32	0.993677	0.993677	0.993677	0	-1.54161	1.74533	637649060
-1	3	2	2	1	5	1	32	32	0.95	0.95	0.95	0	-1.0083	1.74533	637583528
-1	3	2	2	1	5	2	32	32	0.706981	0.706981	0.706981	0	-1.08815	1.74533	637616296
-1	3	2	2	1	5	3	32	32	0.536154	0.536154	0.536154	0	-1.18726	1.74533	637649064
-1	2	2	2	1	3	1	32	32	0.961606	0.961606	0.961606	0	-1.30089	1.39626	637575332
-1	2	2	2	1	3	2	32	32	0.918917	0.918917	0.918917	0	-1.41891	1.39626	637608100
-1	2	2	2	1	3	3	32	32	0.98769	0.98769	0.98769	0	-1.54161	1.39626	637640868
-1	3	2	2	1	3	1	32	32	0.95	0.95	0.95	0	-1.0083	1.39626	637575336
-1	3	2	2	1	3	2	32	32	0.916069	0.916069	0.916069	0	-1.08815	1.39626	637608104
-1	3	2	2	1	3	3	32	32	0.940415	0.940415	0.940415	0	-1.18726	1.39626	637640872
-1	2	2	2	1	1	1	32	32	0.943527	0.943527	0.943527	0	-1.30089	1.0472	637567140
-1	2	2	2	1	1	2	32	32	0.920914	0.920914	0.920914	0	-1.41891	1.0472	637599908
-1	2	2	2	1	1	3	32	32	0.989366	0.989366	0.989366	0	-1.54161	1.0472	637632676
-1	3	2	2	1	1	1	32	32	0.95	0.95	0.95	0	-1.0083	1.0472	637567144
-1	3	2	2	1	1	2	32	32	0.944411	0.944411	0.944411	0	-1.08815	1.0472	637599912
-1	3	2	2	1	1	3	32	32	0.934522	0.934522	0.934522	0	-1.18726	1.0472	637632680
-1	2	2	1	1	5	1	32	32	0.966841	0.966841	0.966841	0	-1.30089	0.698132	637583396
-1	2	2	1	1	5	2	32	32	0.937655	0.937655	0.937655	0	-1.41891	0.698132	637616164
-1	2	2	1	1	5	3	32	32	0.978895	0.978895	0.978895	0	-1.54161	0.698132	637648932
-1	3	2	1	1	5	1	32	32	0.95	0.95	0.95	0	-1.0083	0.698132	637583400
-1	3	2	1	1	5	2	32	32	0.959987	0.959987	0.959987	0	-1.08815	0.698132	637616168
-1	3	2	1	1	5	3	32	32	0.937962	0.937962	0.937962	0	-1.18726	0.698132	637648936
-1	2	2	1	1	3	1	32	32	0.967252	0.967252	0.967252	0	-1.30089	0.349066	637575204
-1	2	2	1	1	3	2	32	32	0.918459	0.918459	0.918459	0	-1.41891	0.349066	637607972
-1	2	2	1	1	3	3	32	32	0.987902	0.987902	0.987902	0	-1.54161	0.349066	637640740
-1	3	2	1	1	3	1	32	32	0.95	0.95	0.95	0	-1.0083	0.349066	637575208
-1	3	2	1	1	3	2	32	32	0.889531	0.889531	0.889531	0	-1.08815	0.349066	637607976
-1	3	2	1	1	3	3	32	32	0.946121	0.946121	0.946121	0	-1.18726	0.349066	637640744
-1	2	2	1	1	1	1	32	32	0.894609	0.894609	0.894609	0	-1.30089	2.4953e-16	637567012
-1	2	2	1	1	1	2	32	32	0.898035	0.898035	0.898035	0	-1.41891	3.55206e-16	637599780
-1	2	2	1	1	1	3	32	32	0.975473	0.975473	0.975473	0	-1.54161	4.77497e-16	637632548
-1	3	2	1	1	1	1	32	32	0.95	0.95	0.95	0	-1.0083	6.2524e-17	637567016
-1	3	2	1	1	1	2	32	32	0.921791	0.921791	0.921791	0	-1.08815	1.21293e-16	637599784
-1	3	2	1	1	1	3	32	32	0.838311	0.838311	0.838311	0	-1.18726	1.99641e-16	637632552
-1	2	2	6	1	5	1	32	32	0.945236	0.945236	0.945236	0	-1.30089	-0.349066	637584036
-1	2	2	6	1	5	2	32	32	0.9392	0.9392	0.9392	0	-1.41891	-0.349066	637616804
-1	2	2	6	1	5	3	32	32	0.98788	0.98788	0.98788	0	-1.54161	-0.349066	637649572
-1	3	2	6	1	5	1	32	32	0.95	0.95	0.95	0	-1.0083	-0.349066	637584040
-1	3	2	6	1	5	2	32	32	0.794472	0.794472	0.794472	0	-1.08815	-0.349066	637616808
-1	3	2	6	1	5	3	32	32	0.771145	0.771145	0.771145	0	-1.18726	-0.349066	637649576
-1	2	2	6	1	3	1	32	32	0.965303	0.965303	0.965303	0	-1.30089	-0.698132	637575844
-1	2	2	6	1	3	2	32	32	0.942842	0.942842	0.942842	0	-1.41891	-0.698132	637608612
-1	2	2	6	1	3	3	32	32	0.991208	0.991208	0.991208	0	-1.54161	-0.698132	637641380
-1	3	2	6	1	3	1	32	32	0.95	0.95	0.95	0	-1.0083	-0.698132	637575848
-1	3	2	6	1	3	2	32	32	0.90683	0.90683	0.90683	0	-1.08815	-0.698132	637608616
-1	3	2	6	1	3	3	32	32	0.447451	0.447451	0.447451	0	-1.18726	-0.698132	637641384
-1	2	2	6	1	1	1	32	32	0.955452	0.955452	0.955452	0	-1.30089	-1.0472	637567652
-1	2	2	6	1	1	2	32	32	0.954214	0.954214	0.954214	0	-1.41891	-1.0472	637600420
-1	2	2	6	1	1	3	32	32	0.973798	0.973798	0.973798	0	-1.54161	-1.0472	637633188
-1	3	2	6	1	1	1	32	32	0.95	0.95	0.95	0	-1.0083	-1.0472	637567656
-1	3	2	6	1	1	2	32	32	0.935794	0.935794	0.935794	0	-1.08815	-1.0472	637600424
-1	3	2	6	1	1	3	32	32	0.885702	0.885702	0.885702	0	-1.18726	-1.0472	637633192
-1	2	2	5	1	5	1	32	32	0.972576	0.972576	0.972576	0	-1.30089	-1.39626	637583908
-1	2	2	5	1	5	2	32	32	0.935439	0.935439	0.935439	0	-1.41891	-1.39626	637616676
-1	2	2	5	1	5	3	32	32	0.992574	0.992574	0.992574	0	-1.54161	-1.39626	637649444
-1	3	2	5	1	5	1	32	32	0.95	0.95	0.95	0	-1.0083	-1.39626	637583912
-1	3	2	5	1	5	2	32	32	0.762456	0.762456	0.762456	0	-1.08815	-1.39626	637616680
-1	3	2	5	1	5	3	32	32	0.647218	0.647218	0.647218	0	-1.18726	-1.39626	637649448
-1	2	2	5	1	3	1	32	32	0.916428	0.916428	0.916428	0	-1.30089	-1.74533	637575716
-1	2	2	5	1	3	2	32	32	0.910993	0.910993	0.910993	0	-1.41891	-1.74533	637608484
-1	2	2	5	1	3	3	32	32	0.991233	0.991233	0.991233	0	-1.54161	-1.74533	637641252
-1	3	2	5	1	3	1	32	32	0.95	0.95	0.95	0	-1.0083	-1.74533	637575720
-1	3	2	5	1	3	2	32	32	0.822424	0.822424	0.822424	0	-1.08815	-1.74533	637608488
-1	3	2	5	1	3	3	32	32	0.786323	0.786323	0.786323	0	-1.18726	-1.74533	637641256
-1	2	2	5	1	1	1	32	32	0.958977	0.958977	0.958977	0	-1.30089	-2.0944	637567524
-1	2	2	5	1	1	2	32	32	0.949694	0.949694	0.949694	0	-1.41891	-2.0944	637600292
-1	2	2	5	1	1	3	32	32	0.989269	0.989269	0.989269	0	-1.54161	-2.0944	637633060
-1	3	2	5	1	1	1	32	32	0.95	0.95	0.95	0	-1.0083	-2.0944	637567528
-1	3	2	5	1	1	2	32	32	0.924957	0.924957	0.924957	0	-1.08815	-2.0944	637600296
-1	3	2	5	1	1	3	32	32	0.851423	0.851423	0.851423	0	-1.18726	-2.0944	637633064
-1	2	2	4	1	5	1	32	32	0.967479	0.967479	0.967479	0	-1.30089	-2.44346	637583780
-1	2	2	4	1	5	2	32	32	0.950295	0.950295	0.950295	0	-1.41891	-2.44346	637616548
-1	2	2	4	1	5	3	32	32	0.978725	0.978725	0.978725	0	-1.54161	-2.44346	637649316
-1	3	2	4	1	5	1	32	32	0.95	0.95	0.95	0	-1.0083	-2.44346	637583784
-1	3	2	4	1	5	2	32	32	0.933479	0.933479	0.933479	0	-1.08815	-2.44346	637616552
-1	3	2	4	1	5	3	32	32	0.873526	0.873526	0.873526	0	-1.18726	-2.44346	637649320
-1	2	2	4	1	3	1	32	32	0.946979	0.946979	0.946979	0	-1.30089	-2.79253	637575588
-1	2	2	4	1	3	2	32	32	0.925734	0.925734	0.925734	0	-1.41891	-2.79253	637608356
-1	2	2	4	1	3	3	32	32	0.990529	0.990529	0.990529	0	-1.54161	-2.79253	637641124
-1	3	2	4	1	3	1	32	32	0.95	0.95	0.95	0	-1.0083	-2.79253	637575592
-1	3	2	4	1	3	2	32	32	0.830884	0.830884	0.830884	0	-1.08815	-2.79253	637608360
-1	3	2	4	1	3	3	32	32	0.834518	0.834518	0.834518	0	-1.18726	-2.79253	637641128
-1	2	2	4	1	1	1	32	32	0.95883	0.95883	0.95883	0	-1.30089	-3.14159	637567396
-1	2	2	4	1	1	2	32	32	0.929747	0.929747	0.929747	0	-1.41891	-3.14159	637600164
-1	2	2	4	1	1	3	32	32	0.992267	0.992267	0.992267	0	-1.54161	-3.14159	637632932
-1	3	2	4	1	1	1	32	32	0.95	0.95	0.95	0	-1.0083	-3.14159	637567400
-1	3	2	4	1	1	2	32	32	0.94104	0.94104	0.94104	0	-1.08815	-3.14159	637600168
-1	3	2	4	1	1	3	32	32	0.914929	0.914929	0.914929	0	-1.18726	-3.14159	637632936
-1	2	3	3	1	6	1	32	32	0.908696	0.908696	0.908696	0	-1.4792	2.96706	637587780
-1	2	3	3	1	6	2	32	32	0.748312	0.748312	0.748312	0	-1.60206	2.96706	637620548
-1	2	3	3	1	6	3	32	32	0.95	0.95	0.95	0	-1.72877	2.96706	637653316
-1	3	3	3	1	6	1	32	32	0.824352	0.824352	0.824352	0	-1.169	2.96706	637587784
-1	3	3	3	1	6	2	32	32	0.870957	0.870957	0.870957	0	-1.2546	2.96706	637620552
-1	3	3	3	1	6	3	32	32	0.976778	0.976778	0.976778	0	-1.35979	2.96706	637653320
-1	2	3	3	1	4	1	32	32	0.839876	0.839876	0.839876	0	-1.4792	2.61799	637579588
-1	2	3	3	1	4	2	32	32	0.936353	0.936353	0.936353	0	-1.60206	2.61799	637612356
-1	2	3	3	1	4	3	32	32	0.95	0.95	0.95	0	-1.72877	2.61799	637645124
-1	3	3	3	1	4	1	32	32	0.855848	0.855848	0.855848	0	-1.169	2.61799	637579592
-1	3	3	3	1	4	2	32	32	0.901205	0.901205	0.901205	0	-1.2546	2.61799	637612360
-1	3	3	3	1	4	3	32	32	0.984551	0.984551	0.984551	0	-1.35979	2.61799	637645128
-1	2	3	3	1	2	1	32	32	0.953743	0.953743	0.953743	0	-1.4792	2.26893	637571396
-1	2	3	3	1	2	2	32	32	0.839905	0.839905	0.839905	0	-1.60206	2.26893	637604164
-1	2	3	3	1	2	3	32	32	0.95	0.95	0.95	0	-1.72877	2.26893	637636932
-1	3	3	3	1	2	1	32	32	0.862179	0.862179	0.862179	0	-1.169	2.26893	637571400
-1	3	3	3	1	2	2	32	32	0.874728	0.874728	0.874728	0	-1.2546	2.26893	637604168
-1	3	3	3	1	2	3	32	32	0.983214	0.983214	0.983214	0	-1.35979	2.26893	637636936
-1	2	3	2	1	6	1	32	32	0.960893	0.960893	0.960893	0	-1.4792	1.91986	637587652
-1	2	3	2	1	6	2	32	32	0.934882	0.934882	0.934882	0	-1.60206	1.91986	637620420
-1	2	3	2	1	6	3	32	32	0.95	0.95	0.95	0	-1.72877	1.91986	637653188
-1	3	3	2	1	6	1	32	32	0.927088	0.927088	0.927088	0	-1.169	1.91986	637587656
-1	3	3	2	1	6	2	32	32	0.877083	0.877083	0.877083	0	-1.2546	1.91986	637620424
-1	3	3	2	1	6	3	32	32	0.980014	0.980014	0.980014	0	-1.35979	1.91986	637653192
-1	2	3	2	1	4	1	32	32	0.946523	0.946523	0.946523	0	-1.4792	1.5708	637579460
-1	2	3	2	1	4	2	32	32	0.9247	0.9247	0.9247	0	-1.60206	1.5708	637612228
-1	2	3	2	1	4	3	32	32	0.95	0.95	0.95	0	-1.72877	1.5708	637644996
-1	3	3	2	1	4	1	32	32	0.908554	0.908554	0.908554	0	-1.169	1.5708	637579464
-1	3	3	2	1	4	2	32	32	0.703668	0.703668	0.703668	0	-1.2546	1.5708	637612232
-1	3	3	2	1	4	3	32	32	0.972756	0.972756	0.972756	0	-1.35979	1.5708	637645000
-1	2	3	2	1	2	1	32	32	0.961936	0.961936	0.961936	0	-1.4792	1.22173	637571268
-1	2	3	2	1	2	2	32	32	0.926708	0.926708	0.926708	0	-1.60206	1.22173	637604036
-1	2	3	2	1	2	3	32	32	0.95	0.95	0.95	0	-1.72877	1.22173	637636804
-1	3	3	2	1	2	1	32	32	0.78724	0.78724	0.78724	0	-1.169	1.22173	637571272
-1	3	3	2	1	2	2	32	32	0.807373	0.807373	0.807373	0	-1.2546	1.22173	637604040
-1	3	3	2	1	2	3	32	32	0.976933	0.976933	0.976933	0	-1.35979	1.22173	637636808
-1	2	3	1	1	6	1	32	32	0.937888	0.937888	0.937888	0	-1.4792	0.872665	637587524
-1	2	3	1	1	6	2	32	32	0.847086	0.847086	0.847086	0	-1.60206	0.872665	637620292
-1	2	3	1	1	6	3	32	32	0.95	0.95	0.95	0	-1.72877	0.872665	637653060
-1	3	3	1	1	6	1	32	32	0.886299	0.886299	0.886299	0	-1.169	0.872665	637587528
-1	3	3	1	1	6	2	32	32	0.833136	0.833136	0.833136	0	-1.2546	0.872665	637620296
-1	3	3	1	1	6	3	32	32	0.979581	0.979581	0.979581	0	-1.35979	0.872665	637653064
-1	2	3	1	1	4	1	32	32	0.94596	0.94596	0.94596	0	-1.4792	0.523599	637579332
-1	2	3	1	1	4	2	32	32	0.913371	0.913371	0.913371	0	-1.60206	0.523599	637612100
-1	2	3	1	1	4	3	32	32	0.95	0.95	0.95	0	-1.72877	0.523599	637644868
-1	3	3	1	1	4	1	32	32	0.87137	0.87137	0.87137	0	-1.169	0.523599	637579336
-1	3	3	1	1	4	2	32	32	0.748314	0.748314	0.748314	0	-1.2546	0.523599	637612104
-1	3	3	1	1	4	3	32	32	0.973623	0.973623	0.973623	0	-1.35979	0.523599	637644872
-1	2	3	1	1	2	1	32	32	0.952767	0.952767	0.952767	0	-1.4792	0.174533	637571140
-1	2	3	1	1	2	2	32	32	0.942577	0.942577	0.942577	0	-1.60206	0.174533	637603908
-1	2	3	1	1	2	3	32	32	0.95	0.95	0.95	0	-1.72877	0.174533	637636676
-1	3	3	1	1	2	1	32	32	0.918197	0.918197	0.918197	0	-1.169	0.174533	637571144
-1	3	3	1	1	2	2	32	32	0.839393	0.839393	0.839393	0	-1.2546	0.174533	637603912
-1	3	3	1	1	2	3	32	32	0.982305	0.982305	0.982305	0	-1.35979	0.174533	637636680
-1	2	3	6	1	6	1	32	32	0.928656	0.928656	0.928656	0	-1.4792	-0.174533	637588164
-1	2	3	6	1	6	2	32	32	0.951774	0.951774	0.951774	0	-1.60206	-0.174533	637620932
-1	2	3	6	1	6	3	32	32	0.95	0.95	0.95	0	-1.72877	-0.174533	637653700
-1	3	3	6	1	6	1	32	32	0.788474	0.788474	0.788474	0	-1.169	-0.174533	637588168
-1	3	3	6	1	6	2	32	32	0.774275	0.774275	0.774275	0	-1.2546	-0.174533	637620936
-1	3	3	6	1	6	3	32	32	0.930365	0.930365	0.930365	0	-1.35979	-0.174533	637653704
-1	2	3	6	1	4	1	32	32	0.951336	0.951336	0.951336	0	-1.4792	-0.523599	637579972
-1	2	3	6	1	4	2	32	32	0.830385	0.830385	0.830385	0	-1.60206	-0.523599	637612740
-1	2	3	6	1	4	3	32	32	0.95	0.95	0.95	0	-1.72877	-0.523599	637645508
-1	3	3	6	1	4	1	32	32	0.820707	0.820707	0.820707	0	-1.169	-0.523599	637579976
-1	3	3	6	1	4	2	32	32	0.750145	0.750145	0.750145	0	-1.2546	-0.523599	637612744
-1	3	3	6	1	4	3	32	32	0.973819	0.973819	0.973819	0	-1.35979	-0.523599	637645512
-1	2	3	6	1	2	1	32	32	0.894806	0.894806	0.894806	0	-1.4792	-0.872665	637571780
-1	2	3	6	1	2	2	32	32	0.95827	0.95827	0.95827	0	-1.60206	-0.872665	637604548
-1	2	3	6	1	2	3	32	32	0.95	0.95	0.95	0	-1.72877	-0.872665	637637316
-1	3	3	6	1	2	1	32	32	0.833998	0.833998	0.833998	0	-1.169	-0.872665	637571784
-1	3	3	6	1	2	2	32	32	0.668901	0.668901	0.668901	0	-1.2546	-0.872665	637604552
-1	3	3	6	1	2	3	32	32	0.974895	0.974895	0.974895	0	-1.35979	-0.872665	637637320
-1	2	3	5	1	6	1	32	32	0.953502	0.953502	0.953502	0	-1.4792	-1.22173	637588036
-1	2	3	5	1	6	2	32	32	0.884346	0.884346	0.884346	0	-1.60206	-1.22173	637620804
-1	2	3	5	1	6	3	32	32	0.95	0.95	0.95	0	-1.72877	-1.22173	637653572
-1	3	3	5	1	6	1	32	32	0.929447	0.929447	0.929447	0	-1.169	-1.22173	637588040
-1	3	3	5	1	6	2	32	32	0.594714	0.594714	0.594714	0	-1.2546	-1.22173	637620808
-1	3	3	5	1	6	3	32	32	0.927735	0.927735	0.927735	0	-1.35979	-1.22173	637653576
-1	2	3	5	1	4	1	32	32	0.961038	0.961038	0.961038	0	-1.4792	-1.5708	637579844
-1	2	3	5	1	4	2	32	32	0.936151	0.936151	0.936151	0	-1.60206	-1.5708	637612612
-1	2	3	5	1	4	3	32	32	0.95	0.95	0.95	0	-1.72877	-1.5708	637645380
-1	3	3	5	1	4	1	32	32	0.446576	0.446576	0.446576	0	-1.169	-1.5708	637579848
-1	3	3	5	1	4	2	32	32	0.260983	0.260983	0.260983	0	-1.2546	-1.5708	637612616
-1	3	3	5	1	4	3	32	32	0.785463	0.785463	0.785463	0	-1.35979	-1.5708	637645384
-1	2	3	5	1	2	1	32	32	0.90022	0.90022	0.90022	0	-1.4792	-1.91986	637571652
-1	2	3	5	1	2	2	32	32	0.928691	0.928691	0.928691	0	-1.60206	-1.91986	637604420
-1	2	3	5	1	2	3	32	32	0.95	0.95	0.95	0	-1.72877	-1.91986	637637188
-1	3	3	5	1	2	1	32	32	0.888061	0.888061	0.888061	0	-1.169	-1.91986	637571656
-1	3	3	5	1	2	2	32	32	0.743406	0.743406	0.743406	0	-1.2546	-1.91986	637604424
-1	3	3	5	1	2	3	32	32	0.985199	0.985199	0.985199	0	-1.35979	-1.91986	637637192
-1	2	3	4	1	6	1	32	32	0.920064	0.920064	0.920064	0	-1.4792	-2.26893	637587908
-1	2	3	4	1	6	2	32	32	0.960679	0.960679	0.960679	0	-1.60206	-2.26893	637620676
-1	2	3	4	1	6	3	32	32	0.95	0.95	0.95	0	-1.72877	-2.26893	637653444
-1	3	3	4	1	6	1	32	32	0.749968	0.749968	0.749968	0	-1.169	-2.26893	637587912
-1	3	3	4	1	6	2	32	32	0.814283	0.814283	0.814283	0	-1.2546	-2.26893	637620680
-1	3	3	4	1	6	3	32	32	0.982156	0.982156	0.982156	0	-1.35979	-2.26893	637653448
-1	2	3	4	1	4	1	32	32	0.888154	0.888154	0.888154	0	-1.4792	-2.61799	637579716
-1	2	3	4	1	4	2	32	32	0.630375	0.630375	0.630375	0	-1.60206	-2.61799	637612484
-1	2	3	4	1	4	3	32	32	0.95	0.95	0.95	0	-1.72877	-2.61799	637645252
-1	3	3	4	1	4	1	32	32	0.649667	0.649667	0.649667	0	-1.169	-2.61799	637579720
-1	3	3	4	1	4	2	32	32	0.428776	0.428776	0.428776	0	-1.2546	-2.61799	637612488
-1	3	3	4	1	4	3	32	32	0.890042	0.890042	0.890042	0	-1.35979	-2.61799	637645256
-1	2	3	4	1	2	1	32	32	0.977992	0.977992	0.977992	0	-1.4792	-2.96706	637571524
-1	2	3	4	1	2	2	32	32	0.904175	0.904175	0.904175	0	-1.60206	-2.96706	637604292
-1	2	3	4	1	2	3	32	32	0.95	0.95	0.95	0	-1.72877	-2.96706	637637060
-1	3	3	4	1	2	1	32	32	0.785052	0.785052	0.785052	0	-1.169	-2.96706	637571528
-1	3	3	4	1	2	2	32	32	0.583378	0.583378	0.583378	0	-1.2546	-2.96706	637604296
-1	3	3	4	1	2	3	32	32	0.935694	0.935694	0.935694	0	-1.35979	-2.96706	637637064
-1	2	3	3	1	5	1	32	32	0.964416	0.964416	0.964416	0	-1.48328	2.79253	637583684
-1	2	3	3	1	5	2	32	32	0.946396	0.946396	0.946396	0	-1.60623	2.79253	637616452
-1	2	3	3	1	5	3	32	32	0.95	0.95	0.95	0	-1.73302	2.79253	637649220
-1	3	3	3	1	5	1	32	32	0.900207	0.900207	0.900207	0	-1.17273	2.79253	637583688
-1	3	3	3	1	5	2	32	32	0.890681	0.890681	0.890681	0	-1.25844	2.79253	637616456
-1	3	3	3	1	5	3	32	32	0.948046	0.948046	0.948046	0	-1.36376	2.79253	637649224
-1	2	3	3	1	3	1	32	32	0.9679	0.9679	0.9679	0	-1.48328	2.44346	637575492
-1	2	3	3	1	3	2	32	32	0.90648	0.90648	0.90648	0	-1.60623	2.44346	637608260
-1	2	3	3	1	3	3	32	32	0.95	0.95	0.95	0	-1.73302	2.44346	637641028
-1	3	3	3	1	3	1	32	32	0.907845	0.907845	0.907845	0	-1.17273	2.44346	637575496
-1	3	3	3	1	3	2	32	32	0.844273	0.844273	0.844273	0	-1.25844	2.44346	637608264
-1	3	3	3	1	3	3	32	32	0.931259	0.931259	0.931259	0	-1.36376	2.44346	637641032
-1	2	3	3	1	1	1	32	32	0.96794	0.96794	0.96794	0	-1.48328	2.0944	637567300
-1	2	3	3	1	1	2	32	32	0.943396	0.943396	0.943396	0	-1.60623	2.0944	637600068
-1	2	3	3	1	1	3	32	32	0.95	0.95	0.95	0	-1.73302	2.0944	637632836
-1	3	3	3	1	1	1	32	32	0.825058	0.825058	0.825058	0	-1.17273	2.0944	637567304
-1	3	3	3	1	1	2	32	32	0.911813	0.911813	0.911813	0	-1.25844	2.0944	637600072
-1	3	3	3	1	1	3	32	32	0.895264	0.895264	0.895264	0	-1.36376	2.0944	637632840
-1	2	3	2	1	5	1	32	32	0.985635	0.985635	0.985635	0	-1.48328	1.74533	637583556
-1	2	3	2	1	5	2	32	32	0.929467	0.929467	0.929467	0	-1.60623	1.74533	637616324
-1	2	3	2	1	5	3	32	32	0.95	0.95	0.95	0	-1.73302	1.74533	637649092
-1	3	3	2	1	5	1	32	32	0.929493	0.929493	0.929493	0	-1.17273	1.74533	637583560
-1	3	3	2	1	5	2	32	32	0.922846	0.922846	0.922846	0	-1.25844	1.74533	637616328
-1	3	3	2	1	5	3	32	32	0.96748	0.96748	0.96748	0	-1.36376	1.74533	637649096
-1	2	3	2	1	3	1	32	32	0.960498	0.960498	0.960498	0	-1.48328	1.39626	637575364
-1	2	3	2	1	3	2	32	32	0.890683	0.890683	0.890683	0	-1.60623	1.39626	637608132
-1	2	3	2	1	3	3	32	32	0.95	0.95	0.95	0	-1.73302	1.39626	637640900
-1	3	3	2	1	3	1	32	32	0.906374	0.906374	0.906374	0	-1.17273	1.39626	637575368
-1	3	3	2	1	3	2	32	32	0.913121	0.913121	0.913121	0	-1.25844	1.39626	637608136
-1	3	3	2	1	3	3	32	32	0.963387	0.963387	0.963387	0	-1.36376	1.39626	637640904
-1	2	3	2	1	1	1	32	32	0.974229	0.974229	0.974229	0	-1.48328	1.0472	637567172
-1	2	3	2	1	1	2	32	32	0.939019	0.939019	0.939019	0	-1.60623	1.0472	637599940
-1	2	3	2	1	1	3	32	32	0.95	0.95	0.95	0	-1.73302	1.0472	637632708
-1	3	3	2	1	1	1	32	32	0.805493	0.805493	0.805493	0	-1.17273	1.0472	637567176
-1	3	3	2	1	1	2	32	32	0.874904	0.874904	0.874904	0	-1.25844	1.0472	637599944
-1	3	3	2	1	1	3	32	32	0.897119	0.897119	0.897119	0	-1.36376	1.0472	637632712
-1	2	3	1	1	5	1	32	32	0.975691	0.975691	0.975691	0	-1.48328	0.698132	637583428
-1	2	3	1	1	5	2	32	32	0.901564	0.901564	0.901564	0	-1.60623	0.698132	637616196
-1	2	3	1	1	5	3	32	32	0.95	0.95	0.95	0	-1.73302	0.698132	637648964
-1	3	3	1	1	5	1	32	32	0.882281	0.882281	0.882281	0	-1.17273	0.698132	637583432
-1	3	3	1	1	5	2	32	32	0.92889	0.92889	0.92889	0	-1.25844	0.698132	637616200
-1	3	3	1	1	5	3	32	32	0.945266	0.945266	0.945266	0	-1.36376	0.698132	637648968
-1	2	3	1	1	3	1	32	32	0.962761	0.962761	0.962761	0	-1.48328	0.349066	637575236
-1	2	3	1	1	3	2	32	32	0.954424	0.954424	0.954424	0	-1.60623	0.349066	637608004
-1	2	3	1	1	3	3	32	32	0.95	0.95	0.95	0	-1.73302	0.349066	637640772
-1	3	3	1	1	3	1	32	32	0.788643	0.788643	0.788643	0	-1.17273	0.349066	637575240
-1	3	3	1	1	3	2	32	32	0.856815	0.856815	0.856815	0	-1.25844	0.349066	637608008
-1	3	3	1	1	3	3	32	32	0.925074	0.925074	0.925074	0	-1.36376	0.349066	637640776
-1	2	3	1	1	1	1	32	32	0.963853	0.963853	0.963853	0	-1.48328	4.2009e-16	637567044
-1	2	3	1	1	1	2	32	32	0.944651	0.944651	0.944651	0	-1.60623	5.15043e-16	637599812
-1	2	3	1	1	1	3	32	32	0.95	0.95	0.95	0	-1.73302	6.24925e-16	637632580
-1	3	3	1	1	1	1	32	32	0.798031	0.798031	0.798031	0	-1.17273	1.88039e-16	637567048
-1	3	3	1	1	1	2	32	32	0.818979	0.818979	0.818979	0	-1.25844	2.33951e-16	637599816
-1	3	3	1	1	1	3	32	32	0.917984	0.917984	0.917984	0	-1.36376	2.95158e-16	637632584
-1	2	3	6	1	5	1	32	32	0.974339	0.974339	0.974339	0	-1.48328	-0.349066	637584068
-1	2	3	6	1	5	2	32	32	0.944947	0.944947	0.944947	0	-1.60623	-0.349066	637616836
-1	2	3	6	1	5	3	32	32	0.95	0.95	0.95	0	-1.73302	-0.349066	637649604
-1	3	3	6	1	5	1	32	32	0.888381	0.888381	0.888381	0	-1.17273	-0.349066	637584072
-1	3	3	6	1	5	2	32	32	0.873965	0.873965	0.873965	0	-1.25844	-0.349066	637616840
-1	3	3	6	1	5	3	32	32	0.949479	0.949479	0.949479	0	-1.36376	-0.349066	637649608
-1	2	3	6	1	3	1	32	32	0.980148	0.980148	0.980148	0	-1.48328	-0.698132	637575876
-1	2	3	6	1	3	2	32	32	0.935114	0.935114	0.935114	0	-1.60623	-0.698132	637608644
-1	2	3	6	1	3	3	32	32	0.95	0.95	0.95	0	-1.73302	-0.698132	637641412
-1	3	3	6	1	3	1	32	32	0.804397	0.804397	0.804397	0	-1.17273	-0.698132	637575880
-1	3	3	6	1	3	2	32	32	0.855591	0.855591	0.855591	0	-1.25844	-0.698132	637608648
-1	3	3	6	1	3	3	32	32	0.953287	0.953287	0.953287	0	-1.36376	-0.698132	637641416
-1	2	3	6	1	1	1	32	32	0	0	0	32	-1.48328	-1.0472	637567684
-1	2	3	6	1	1	2	32	32	0	0	0	32	-1.60623	-1.0472	637600452
-1	2	3	6	1	1	3	32	32	0.95	0.95	0.95	0	-1.73302	-1.0472	637633220
-1	3	3	6	1	1	1	32	32	0.660827	0.660827	0.660827	0	-1.17273	-1.0472	637567688
-1	3	3	6	1	1	2	32	32	0.564615	0.564615	0.564615	0	-1.25844	-1.0472	637600456
-1	3	3	6	1	1	3	32	32	0.862946	0.862946	0.862946	0	-1.36376	-1.0472	637633224
-1	2	3	5	1	5	1	32	32	0.985706	0.985706	0.985706	0	-1.48328	-1.39626	637583940
-1	2	3	5	1	5	2	32	32	0.90668	0.90668	0.90668	0	-1.60623	-1.39626	637616708
-1	2	3	5	1	5	3	32	32	0.95	0.95	0.95	0	-1.73302	-1.39626	637649476
-1	3	3	5	1	5	1	32	32	0.86369	0.86369	0.86369	0	-1.17273	-1.39626	637583944
-1	3	3	5	1	5	2	32	32	0.874782	0.874782	0.874782	0	-1.25844	-1.39626	637616712
-1	3	3	5	1	5	3	32	32	0.958553	0.958553	0.958553	0	-1.36376	-1.39626	637649480
-1	2	3	5	1	3	1	32	32	0.977539	0.977539	0.977539	0	-1.48328	-1.74533	637575748
-1	2	3	5	1	3	2	32	32	0.947182	0.947182	0.947182	0	-1.60623	-1.74533	637608516
-1	2	3	5	1	3	3	32	32	0.95	0.95	0.95	0	-1.73302	-1.74533	637641284
-1	3	3	5	1	3	1	32	32	0.916858	0.916858	0.916858	0	-1.17273	-1.74533	637575752
-1	3	3	5	1	3	2	32	32	0.898841	0.898841	0.898841	0	-1.25844	-1.74533	637608520
-1	3	3	5	1	3	3	32	32	0.946183	0.946183	0.946183	0	-1.36376	-1.74533	637641288
-1	2	3	5	1	1	1	32	32	0.97532	0.97532	0.97532	0	-1.48328	-2.0944	637567556
-1	2	3	5	1	1	2	32	32	0.936772	0.936772	0.936772	0	-1.60623	-2.0944	637600324
-1	2	3	5	1	1	3	32	32	0.95	0.95	0.95	0	-1.73302	-2.0944	637633092
-1	3	3	5	1	1	1	32	32	0.883004	0.883004	0.883004	0	-1.17273	-2.0944	637567560
-1	3	3	5	1	1	2	32	32	0.864611	0.864611	0.864611	0	-1.25844	-2.0944	637600328
-1	3	3	5	1	1	3	32	32	0.943385	0.943385	0.943385	0	-1.36376	-2.0944	637633096
-1	2	3	4	1	5	1	32	32	0.852773	0.852773	0.852773	0	-1.48328	-2.44346	637583812
-1	2	3	4	1	5	2	32	32	0.669466	0.669466	0.669466	0	-1.60623	-2.44346	637616580
-1	2	3	4	1	5	3	32	32	0.95	0.95	0.95	0	-1.73302	-2.44346	637649348
-1	3	3	4	1	5	1	32	32	0.816516	0.816516	0.816516	0	-1.17273	-2.44346	637583816
-1	3	3	4	1	5	2	32	32	0.849929	0.849929	0.849929	0	-1.25844	-2.44346	637616584
-1	3	3	4	1	5	3	32	32	0.882199	0.882199	0.882199	0	-1.36376	-2.44346	637649352
-1	2	3	4	1	3	1	32	32	0.981743	0.981743	0.981743	0	-1.48328	-2.79253	637575620
-1	2	3	4	1	3	2	32	32	0.907232	0.907232	0.907232	0	-1.60623	-2.79253	637608388
-1	2	3	4	1	3	3	32	32	0.95	0.95	0.95	0	-1.73302	-2.79253	637641156
-1	3	3	4	1	3	1	32	32	0.891591	0.891591	0.891591	0	-1.17273	-2.79253	637575624
-1	3	3	4	1	3	2	32	32	0.911617	0.911617	0.911617	0	-1.25844	-2.79253	637608392
-1	3	3	4	1	3	3	32	32	0.931209	0.931209	0.931209	0	-1.36376	-2.79253	637641160
-1	2	3	4	1	1	1	32	32	0.959586	0.959586	0.959586	0	-1.48328	-3.14159	637567428
-1	2	3	4	1	1	2	32	32	0.924064	0.924064	0.924064	0	-1.60623	-3.14159	637600196
-1	2	3	4	1	1	3	32	32	0.95	0.95	0.95	0	-1.73302	-3.14159	637632964
-1	3	3	4	1	1	1	32	32	0.897957	0.897957	0.897957	0	-1.17273	-3.14159	637567432
-1	3	3	4	1	1	2	32	32	0.926352	0.926352	0.926352	0	-1.25844	-3.14159	637600200
-1	3	3	4	1	1	3	32	32	0.951819	0.951819	0.951819	0	-1.36376	-3.14159	637632968
-1	1	3	3	1	3	1	192	192	0.95	0.95	0.95	0	-1.87169	2.87979	637575488
-1	1	3	3	1	3	2	192	192	0.95	0.95	0.95	0	-1.98181	2.87979	637608256
-1	1	3	3	1	3	3	192	192	0.95	0.95	0.95	0	-2.10737	2.87979	637641024
-1	1	3	3	1	3	4	192	192	0.95	0.95	0.95	0	-2.25285	2.87979	637673792
-1	1	3	3	1	3	5	192	192	0.95	0.95	0.95	0	-2.42512	2.87979	637706560
-1	1	3	3	1	1	1	192	192	0.95	0.95	0.95	0	-1.87169	2.18166	637567296
-1	1	3	3	1	1	2	192	192	0.95	0.95	0.95	0	-1.98181	2.18166	637600064
-1	1	3	3	1	1	3	192	192	0.95	0.95	0.95	0	-2.10737	2.18166	637632832
-1	1	3	3	1	1	4	192	192	0.95	0.95	0.95	0	-2.25285	2.18166	637665600
-1	1	3	3	1	1	5	192	192	0.95	0.95	0.95	0	-2.42512	2.18166	637698368
-1	1	3	2	1	2	1	192	192	0.95	0.95	0.95	0	-1.87169	1.48353	637571264
-1	1	3	2	1	2	2	192	192	0.95	0.95	0.95	0	-1.98181	1.48353	637604032
-1	1	3	2	1	2	3	192	192	0.95	0.95	0.95	0	-2.10737	1.48353	637636800
-1	1	3	2	1	2	4	192	192	0.95	0.95	0.95	0	-2.25285	1.48353	637669568
-1	1	3	2	1	2	5	192	192	0.95	0.95	0.95	0	-2.42512	1.48353	637702336
-1	1	3	1	1	3	1	192	192	0.95	0.95	0.95	0	-1.87169	0.785398	637575232
-1	1	3	1	1	3	2	192	192	0.95	0.95	0.95	0	-1.98181	0.785398	637608000
-1	1	3	1	1	3	3	192	192	0.95	0.95	0.95	0	-2.10737	0.785398	637640768
-1	1	3	1	1	3	4	192	192	0.95	0.95	0.95	0	-2.25285	0.785398	637673536
-1	1	3	1	1	3	5	192	192	0.95	0.95	0.95	0	-2.42512	0.785398	637706304
-1	1	3	1	1	1	1	192	192	0.95	0.95	0.95	0	-1.87169	0.0872665	637567040
-1	1	3	1	1	1	2	192	192	0.95	0.95	0.95	0	-1.98181	0.0872665	637599808
-1	1	3	1	1	1	3	192	192	0.95	0.95	0.95	0	-2.10737	0.0872665	637632576
-1	1	3	1	1	1	4	192	192	0.95	0.95	0.95	0	-2.25285	0.0872665	637665344
-1	1	3	1	1	1	5	192	192	0.95	0.95	0.95	0	-2.42512	0.0872665	637698112
-1	1	3	6	1	2	1	192	192	0.95	0.95	0.95	0	-1.87169	-0.610865	637571776
-1	1	3	6	1	2	2	192	192	0.95	0.95	0.95	0	-1.98181	-0.610865	637604544
-1	1	3	6	1	2	3	192	192	0.95	0.95	0.95	0	-2.10737	-0.610865	637637312
-1	1	3	6	1	2	4	192	192	0.95	0.95	0.95	0	-2.25285	-0.610865	637670080
-1	1	3	6	1	2	5	192	192	0.95	0.95	0.95	0	-2.42512	-0.610865	637702848
-1	1	3	5	1	3	1	192	192	0.95	0.95	0.95	0	-1.87169	-1.309	637575744
-1	1	3	5	1	3	2	192	192	0.95	0.95	0.95	0	-1.98181	-1.309	637608512
-1	1	3	5	1	3	3	192	192	0.95	0.95	0.95	0	-2.10737	-1.309	637641280
-1	1	3	5	1	3	4	192	192	0.95	0.95	0.95	0	-2.25285	-1.309	637674048
-1	1	3	5	1	3	5	192	192	0.95	0.95	0.95	0	-2.42512	-1.309	637706816
-1	1	3	5	1	1	1	192	192	0.95	0.95	0.95	0	-1.87169	-2.00713	637567552
-1	1	3	5	1	1	2	192	192	0.95	0.95	0.95	0	-1.98181	-2.00713	637600320
-1	1	3	5	1	1	3	192	192	0.95	0.95	0.95	0	-2.10737	-2.00713	637633088
-1	1	3	5	1	1	4	192	192	0.95	0.95	0.95	0	-2.25285	-2.00713	637665856
-1	1	3	5	1	1	5	192	192	0.95	0.95	0.95	0	-2.42512	-2.00713	637698624
-1	1	3	4	1	2	1	192	192	0.95	0.95	0.95	0	-1.87169	-2.70526	637571520
-1	1	3	4	1	2	2	192	192	0.95	0.95	0.95	0	-1.98181	-2.70526	637604288
-1	1	3	4	1	2	3	192	192	0.95	0.95	0.95	0	-2.10737	-2.70526	637637056
-1	1	3	4	1	2	4	192	192	0.95	0.95	0.95	0	-2.25285	-2.70526	637669824
-1	1	3	4	1	2	5	192	192	0.95	0.95	0.95	0	-2.42512	-2.70526	637702592
-1	1	3	3	1	2	1	192	192	0.95	0.95	0.95	0	-1.87603	2.53073	637571392
-1	1	3	3	1	2	2	192	192	0.95	0.95	0.95	0	-1.9862	2.53073	637604160
-1	1	3	3	1	2	3	192	192	0.95	0.95	0.95	0	-2.11179	2.53073	637636928
-1	1	3	3	1	2	4	192	192	0.95	0.95	0.95	0	-2.25731	2.53073	637669696
-1	1	3	3	1	2	5	192	192	0.95	0.95	0.95	0	-2.4296	2.53073	637702464
-1	1	3	2	1	3	1	192	192	0.95	0.95	0.95	0	-1.87603	1.8326	637575360
-1	1	3	2	1	3	2	192	192	0.95	0.95	0.95	0	-1.9862	1.8326	637608128
-1	1	3	2	1	3	3	192	192	0.95	0.95	0.95	0	-2.11179	1.8326	637640896
-1	1	3	2	1	3	4	192	192	0.95	0.95	0.95	0	-2.25731	1.8326	637673664
-1	1	3	2	1	3	5	192	192	0.95	0.95	0.95	0	-2.4296	1.8326	637706432
-1	1	3	2	1	1	1	192	192	0.95	0.95	0.95	0	-1.87603	1.13446	637567168
-1	1	3	2	1	1	2	192	192	0.95	0.95	0.95	0	-1.9862	1.13446	637599936
-1	1	3	2	1	1	3	192	192	0.95	0.95	0.95	0	-2.11179	1.13446	637632704
-1	1	3	2	1	1	4	192	192	0.95	0.95	0.95	0	-2.25731	1.13446	637665472
-1	1	3	2	1	1	5	192	192	0.95	0.95	0.95	0	-2.4296	1.13446	637698240
-1	1	3	1	1	2	1	192	192	0.95	0.95	0.95	0	-1.87603	0.436332	637571136
-1	1	3	1	1	2	2	192	192	0.95	0.95	0.95	0	-1.9862	0.436332	637603904
-1	1	3	1	1	2	3	192	192	0.95	0.95	0.95	0	-2.11179	0.436332	637636672
-1	1	3	1	1	2	4	192	192	0.95	0.95	0.95	0	-2.25731	0.436332	637669440
-1	1	3	1	1	2	5	192	192	0.95	0.95	0.95	0	-2.4296	0.436332	637702208
-1	1	3	6	1	3	1	192	192	0.95	0.95	0.95	0	-1.87603	-0.261799	637575872
-1	1	3	6	1	3	2	192	192	0.95	0.95	0.95	0	-1.9862	-0.261799	637608640
-1	1	3	6	1	3	3	192	192	0.95	0.95	0.95	0	-2.11179	-0.261799	637641408
-1	1	3	6	1	3	4	192	192	0.95	0.95	0.95	0	-2.25731	-0.261799	637674176
-1	1	3	6	1	3	5	192	192	0.95	0.95	0.95	0	-2.4296	-0.261799	637706944
-1	1	3	6	1	1	1	192	192	0.95	0.95	0.95	0	-1.87603	-0.959931	637567680
-1	1	3	6	1	1	2	192	192	0.95	0.95	0.95	0	-1.9862	-0.959931	637600448
-1	1	3	6	1	1	3	192	192	0.95	0.95	0.95	0	-2.11179	-0.959931	637633216
-1	1	3	6	1	1	4	192	192	0.95	0.95	0.95	0	-2.25731	-0.959931	637665984
-1	1	3	6	1	1	5	192	192	0.95	0.95	0.95	0	-2.4296	-0.959931	637698752
-1	1	3	5	1	2	1	192	192	0.95	0.95	0.95	0	-1.87603	-1.65806	637571648
-1	1	3	5	1	2	2	192	192	0.95	0.95	0.95	0	-1.9862	-1.65806	637604416
-1	1	3	5	1	2	3	192	192	0.95	0.95	0.95	0	-2.11179	-1.65806	637637184
-1	1	3	5	1	2	4	192	192	0.95	0.95	0.95	0	-2.25731	-1.65806	637669952
-1	1	3	5	1	2	5	192	192	0.95	0.95	0.95	0	-2.4296	-1.65806	637702720
-1	1	3	4	1	3	1	192	192	0.95	0.95	0.95	0	-1.87603	-2.35619	637575616
-1	1	3	4	1	3	2	192	192	0.95	0.95	0.95	0	-1.9862	-2.35619	637608384
-1	1	3	4	1	3	3	192	192	0.95	0.95	0.95	0	-2.11179	-2.35619	637641152
-1	1	3	4	1	3	4	192	192	0.95	0.95	0.95	0	-2.25731	-2.35619	637673920
-1	1	3	4	1	3	5	192	192	0.95	0.95	0.95	0	-2.4296	-2.35619	637706688
-1	1	3	4	1	1	1	192	192	0.95	0.95	0.95	0	-1.87603	-3.05433	637567424
-1	1	3	4	1	1	2	192	192	0.95	0.95	0.95	0	-1.9862	-3.05433	637600192
-1	1	3	4	1	1	3	192	192	0.95	0.95	0.95	0	-2.11179	-3.05433	637632960
-1	1	3	4	1	1	4	192	192	0.95	0.95	0.95	0	-2.25731	-3.05433	637665728
-1	1	3	4	1	1	5	192	192	0.95	0.95	0.95	0	-2.4296	-3.05433	637698496
-1	2	4	3	1	6	1	32	32	0.908696	0.908696	0.908696	0	-1.56017	2.96706	637587812
-1	2	4	3	1	6	2	32	32	0.748312	0.748312	0.748312	0	-1.68475	2.96706	637620580
-1	2	4	3	1	6	3	32	32	0.95	0.95	0.95	0	-1.81287	2.96706	637653348
-1	3	4	3	1	6	1	32	32	0.824352	0.824352	0.824352	0	-1.24346	2.96706	637587816
-1	3	4	3	1	6	2	32	32	0.870957	0.870957	0.870957	0	-1.33122	2.96706	637620584
-1	3	4	3	1	6	3	32	32	0.976778	0.976778	0.976778	0	-1.43868	2.96706	637653352
-1	2	4	3	1	4	1	32	32	0.839876	0.839876	0.839876	0	-1.56017	2.61799	637579620
-1	2	4	3	1	4	2	32	32	0.936353	0.936353	0.936353	0	-1.68475	2.61799	637612388
-1	2	4	3	1	4	3	32	32	0.95	0.95	0.95	0	-1.81287	2.61799	637645156
-1	3	4	3	1	4	1	32	32	0.855848	0.855848	0.855848	0	-1.24346	2.61799	637579624
-1	3	4	3	1	4	2	32	32	0.901205	0.901205	0.901205	0	-1.33122	2.61799	637612392
-1	3	4	3	1	4	3	32	32	0.984551	0.984551	0.984551	0	-1.43868	2.61799	637645160
-1	2	4	3	1	2	1	32	32	0.953743	0.953743	0.953743	0	-1.56017	2.26893	637571428
-1	2	4	3	1	2	2	32	32	0.839905	0.839905	0.839905	0	-1.68475	2.26893	637604196
-1	2	4	3	1	2	3	32	32	0.95	0.95	0.95	0	-1.81287	2.26893	637636964
-1	3	4	3	1	2	1	32	32	0.862179	0.862179	0.862179	0	-1.24346	2.26893	637571432
-1	3	4	3	1	2	2	32	32	0.874728	0.874728	0.874728	0	-1.33122	2.26893	637604200
-1	3	4	3	1	2	3	32	32	0.983214	0.983214	0.983214	0	-1.43868	2.26893	637636968
-1	2	4	2	1	6	1	32	32	0.960893	0.960893	0.960893	0	-1.56017	1.91986	637587684
-1	2	4	2	1	6	2	32	32	0.934882	0.934882	0.934882	0	-1.68475	1.91986	637620452
-1	2	4	2	1	6	3	32	32	0.95	0.95	0.95	0	-1.81287	1.91986	637653220
-1	3	4	2	1	6	1	32	32	0.927088	0.927088	0.927088	0	-1.24346	1.91986	637587688
-1	3	4	2	1	6	2	32	32	0.877083	0.877083	0.877083	0	-1.33122	1.91986	637620456
-1	3	4	2	1	6	3	32	32	0.980014	0.980014	0.980014	0	-1.43868	1.91986	637653224
-1	2	4	2	1	4	1	32	32	0.946523	0.946523	0.946523	0	-1.56017	1.5708	637579492
-1	2	4	2	1	4	2	32	32	0.9247	0.9247	0.9247	0	-1.68475	1.5708	637612260
-1	2	4	2	1	4	3	32	32	0.95	0.95	0.95	0	-1.81287	1.5708	637645028
-1	3	4	2	1	4	1	32	32	0.908554	0.908554	0.908554	0	-1.24346	1.5708	637579496
-1	3	4	2	1	4	2	32	32	0.703668	0.703668	0.703668	0	-1.33122	1.5708	637612264
-1	3	4	2	1	4	3	32	32	0.972756	0.972756	0.972756	0	-1.43868	1.5708	637645032
-1	2	4	2	1	2	1	32	32	0.961936	0.961936	0.961936	0	-1.56017	1.22173	637571300
-1	2	4	2	1	2	2	32	32	0.926708	0.926708	0.926708	0	-1.68475	1.22173	637604068
-1	2	4	2	1	2	3	32	32	0.95	0.95	0.95	0	-1.81287	1.22173	637636836
-1	3	4	2	1	2	1	32	32	0.78724	0.78724	0.78724	0	-1.24346	1.22173	637571304
-1	3	4	2	1	2	2	32	32	0.807373	0.807373	0.807373	0	-1.33122	1.22173	637604072
-1	3	4	2	1	2	3	32	32	0.976933	0.976933	0.976933	0	-1.43868	1.22173	637636840
-1	2	4	1	1	6	1	32	32	0.937888	0.937888	0.937888	0	-1.56017	0.872665	637587556
-1	2	4	1	1	6	2	32	32	0.847086	0.847086	0.847086	0	-1.68475	0.872665	637620324
-1	2	4	1	1	6	3	32	32	0.95	0.95	0.95	0	-1.81287	0.872665	637653092
-1	3	4	1	1	6	1	32	32	0.886299	0.886299	0.886299	0	-1.24346	0.872665	637587560
-1	3	4	1	1	6	2	32	32	0.833136	0.833136	0.833136	0	-1.33122	0.872665	637620328
-1	3	4	1	1	6	3	32	32	0.979581	0.979581	0.979581	0	-1.43868	0.872665	637653096
-1	2	4	1	1	4	1	32	32	0.94596	0.94596	0.94596	0	-1.56017	0.523599	637579364
-1	2	4	1	1	4	2	32	32	0.913371	0.913371	0.913371	0	-1.68475	0.523599	637612132
-1	2	4	1	1	4	3	32	32	0.95	0.95	0.95	0	-1.81287	0.523599	637644900
-1	3	4	1	1	4	1	32	32	0.87137	0.87137	0.87137	0	-1.24346	0.523599	637579368
-1	3	4	1	1	4	2	32	32	0.748314	0.748314	0.748314	0	-1.33122	0.523599	637612136
-1	3	4	1	1	4	3	32	32	0.973623	0.973623	0.973623	0	-1.43868	0.523599	637644904
-1	2	4	1	1	2	1	32	32	0.952767	0.952767	0.952767	0	-1.56017	0.174533	637571172
-1	2	4	1	1	2	2	32	32	0.942577	0.942577	0.942577	0	-1.68475	0.174533	637603940
-1	2	4	1	1	2	3	32	32	0.95	0.95	0.95	0	-1.81287	0.174533	637636708
-1	3	4	1	1	2	1	32	32	0.918197	0.918197	0.918197	0	-1.24346	0.174533	637571176
-1	3	4	1	1	2	2	32	32	0.839393	0.839393	0.839393	0	-1.33122	0.174533	637603944
-1	3	4	1	1	2	3	32	32	0.982305	0.982305	0.982305	0	-1.43868	0.174533	637636712
-1	2	4	6	1	6	1	32	32	0.928656	0.928656	0.928656	0	-1.56017	-0.174533	637588196
-1	2	4	6	1	6	2	32	32	0.951774	0.951774	0.951774	0	-1.68475	-0.174533	637620964
-1	2	4	6	1	6	3	32	32	0.95	0.95	0.95	0	-1.81287	-0.174533	637653732
-1	3	4	6	1	6	1	32	32	0.788474	0.788474	0.788474	0	-1.24346	-0.174533	637588200
-1	3	4	6	1	6	2	32	32	0.774275	0.774275	0.774275	0	-1.33122	-0.174533	637620968
-1	3	4	6	1	6	3	32	32	0.930365	0.930365	0.930365	0	-1.43868	-0.174533	637653736
-1	2	4	6	1	4	1	32	32	0.951336	0.951336	0.951336	0	-1.56017	-0.523599	637580004
-1	2	4	6	1	4	2	32	32	0.830385	0.830385	0.830385	0	-1.68475	-0.523599	637612772
-1	2	4	6	1	4	3	32	32	0.95	0.95	0.95	0	-1.81287	-0.523599	637645540
-1	3	4	6	1	4	1	32	32	0.820707	0.820707	0.820707	0	-1.24346	-0.523599	637580008
-1	3	4	6	1	4	2	32	32	0.750145	0.750145	0.750145	0	-1.33122	-0.523599	637612776
-1	3	4	6	1	4	3	32	32	0.973819	0.973819	0.973819	0	-1.43868	-0.523599	637645544
-1	2	4	6	1	2	1	32	32	0.894806	0.894806	0.894806	0	-1.56017	-0.872665	637571812
-1	2	4	6	1	2	2	32	32	0.95827	0.95827	0.95827	0	-1.68475	-0.872665	637604580
-1	2	4	6	1	2	3	32	32	0.95	0.95	0.95	0	-1.81287	-0.872665	637637348
-1	3	4	6	1	2	1	32	32	0.833998	0.833998	0.833998	0	-1.24346	-0.872665	637571816
-1	3	4	6	1	2	2	32	32	0.668901	0.668901	0.668901	0	-1.33122	-0.872665	637604584
-1	3	4	6	1	2	3	32	32	0.974895	0.974895	0.974895	0	-1.43868	-0.872665	637637352
-1	2	4	5	1	6	1	32	32	0.953502	0.953502	0.953502	0	-1.56017	-1.22173	637588068
-1	2	4	5	1	6	2	32	32	0.884346	0.884346	0.884346	0	-1.68475	-1.22173	637620836
-1	2	4	5	1	6	3	32	32	0.95	0.95	0.95	0	-1.81287	-1.22173	637653604
-1	3	4	5	1	6	1	32	32	0.929447	0.929447	0.929447	0	-1.24346	-1.22173	637588072
-1	3	4	5	1	6	2	32	32	0.594714	0.594714	0.594714	0	-1.33122	-1.22173	637620840
-1	3	4	5	1	6	3	32	32	0.927735	0.927735	0.927735	0	-1.43868	-1.22173	637653608
-1	2	4	5	1	4	1	32	32	0.961038	0.961038	0.961038	0	-1.56017	-1.5708	637579876
-1	2	4	5	1	4	2	32	32	0.936151	0.936151	0.936151	0	-1.68475	-1.5708	637612644
-1	2	4	5	1	4	3	32	32	0.95	0.95	0.95	0	-1.81287	-1.5708	637645412
-1	3	4	5	1	4	1	32	32	0.446576	0.446576	0.446576	0	-1.24346	-1.5708	637579880
-1	3	4	5	1	4	2	32	32	0.260983	0.260983	0.260983	0	-1.33122	-1.5708	637612648
-1	3	4	5	1	4	3	32	32	0.785463	0.785463	0.785463	0	-1.43868	-1.5708	637645416
-1	2	4	5	1	2	1	32	32	0.90022	0.90022	0.90022	0	-1.56017	-1.91986	637571684
-1	2	4	5	1	2	2	32	32	0.928691	0.928691	0.928691	0	-1.68475	-1.91986	637604452
-1	2	4	5	1	2	3	32	32	0.95	0.95	0.95	0	-1.81287	-1.91986	637637220
-1	3	4	5	1	2	1	32	32	0.888061	0.888061	0.888061	0	-1.24346	-1.91986	637571688
-1	3	4	5	1	2	2	32	32	0.743406	0.743406	0.743406	0	-1.33122	-1.91986	637604456
-1	3	4	5	1	2	3	32	32	0.985199	0.985199	0.985199	0	-1.43868	-1.91986	637637224
-1	2	4	4	1	6	1	32	32	0.920064	0.920064	0.920064	0	-1.56017	-2.26893	637587940
-1	2	4	4	1	6	2	32	32	0.960679	0.960679	0.960679	0	-1.68475	-2.26893	637620708
-1	2	4	4	1	6	3	32	32	0.95	0.95	0.95	0	-1.81287	-2.26893	637653476
-1	3	4	4	1	6	1	32	32	0.749968	0.749968	0.749968	0	-1.24346	-2.26893	637587944
-1	3	4	4	1	6	2	32	32	0.814283	0.814283	0.814283	0	-1.33122	-2.26893	637620712
-1	3	4	4	1	6	3	32	32	0.982156	0.982156	0.982156	0	-1.43868	-2.26893	637653480
-1	2	4	4	1	4	1	32	32	0.888154	0.888154	0.888154	0	-1.56017	-2.61799	637579748
-1	2	4	4	1	4	2	32	32	0.630375	0.630375	0.630375	0	-1.68475	-2.61799	637612516
-1	2	4	4	1	4	3	32	32	0.95	0.95	0.95	0	-1.81287	-2.61799	637645284
-1	3	4	4	1	4	1	32	32	0.649667	0.649667	0.649667	0	-1.24346	-2.61799	637579752
-1	3	4	4	1	4	2	32	32	0.428776	0.428776	0.428776	0	-1.33122	-2.61799	637612520
-1	3	4	4	1	4	3	32	32	0.890042	0.890042	0.890042	0	-1.43868	-2.61799	637645288
-1	2	4	4	1	2	1	32	32	0.977992	0.977992	0.977992	0	-1.56017	-2.96706	637571556
-1	2	4	4	1	2	2	32	32	0.904175	0.904175	0.904175	0	-1.68475	-2.96706	637604324
-1	2	4	4	1	2	3	32	32	0.95	0.95	0.95	0	-1.81287	-2.96706	637637092
-1	3	4	4	1	2	1	32	32	0.785052	0.785052	0.785052	0	-1.24346	-2.96706	637571560
-1	3	4	4	1	2	2	32	32	0.583378	0.583378	0.583378	0	-1.33122	-2.96706	637604328
-1	3	4	4	1	2	3	32	32	0.935694	0.935694	0.935694	0	-1.43868	-2.96706	637637096
-1	2	4	3	1	5	1	32	32	0.964416	0.964416	0.964416	0	-1.56396	2.79253	637583716
-1	2	4	3	1	5	2	32	32	0.946396	0.946396	0.946396	0	-1.68861	2.79253	637616484
-1	2	4	3	1	5	3	32	32	0.95	0.95	0.95	0	-1.8168	2.79253	637649252
-1	3	4	3	1	5	1	32	32	0.900207	0.900207	0.900207	0	-1.24696	2.79253	637583720
-1	3	4	3	1	5	2	32	32	0.890681	0.890681	0.890681	0	-1.33482	2.79253	637616488
-1	3	4	3	1	5	3	32	32	0.948046	0.948046	0.948046	0	-1.44237	2.79253	637649256
-1	2	4	3	1	3	1	32	32	0.9679	0.9679	0.9679	0	-1.56396	2.44346	637575524
-1	2	4	3	1	3	2	32	32	0.90648	0.90648	0.90648	0	-1.68861	2.44346	637608292
-1	2	4	3	1	3	3	32	32	0.95	0.95	0.95	0	-1.8168	2.44346	637641060
-1	3	4	3	1	3	1	32	32	0.907845	0.907845	0.907845	0	-1.24696	2.44346	637575528
-1	3	4	3	1	3	2	32	32	0.844273	0.844273	0.844273	0	-1.33482	2.44346	637608296
-1	3	4	3	1	3	3	32	32	0.931259	0.931259	0.931259	0	-1.44237	2.44346	637641064
-1	2	4	3	1	1	1	32	32	0.96794	0.96794	0.96794	0	-1.56396	2.0944	637567332
-1	2	4	3	1	1	2	32	32	0.943396	0.943396	0.943396	0	-1.68861	2.0944	637600100
-1	2	4	3	1	1	3	32	32	0.95	0.95	0.95	0	-1.8168	2.0944	637632868
-1	3	4	3	1	1	1	32	32	0.825058	0.825058	0.825058	0	-1.24696	2.0944	637567336
-1	3	4	3	1	1	2	32	32	0.911813	0.911813	0.911813	0	-1.33482	2.0944	637600104
-1	3	4	3	1	1	3	32	32	0.895264	0.895264	0.895264	0	-1.44237	2.0944	637632872
-1	2	4	2	1	5	1	32	32	0.985635	0.985635	0.985635	0	-1.56396	1.74533	637583588
-1	2	4	2	1	5	2	32	32	0.929467	0.929467	0.929467	0	-1.68861	1.74533	637616356
-1	2	4	2	1	5	3	32	32	0.95	0.95	0.95	0	-1.8168	1.74533	637649124
-1	3	4	2	1	5	1	32	32	0.929493	0.929493	0.929493	0	-1.24696	1.74533	637583592
-1	3	4	2	1	5	2	32	32	0.922846	0.922846	0.922846	0	-1.33482	1.74533	637616360
-1	3	4	2	1	5	3	32	32	0.96748	0.96748	0.96748	0	-1.44237	1.74533	637649128
-1	2	4	2	1	3	1	32	32	0.960498	0.960498	0.960498	0	-1.56396	1.39626	637575396
-1	2	4	2	1	3	2	32	32	0.890683	0.890683	0.890683	0	-1.68861	1.39626	637608164
-1	2	4	2	1	3	3	32	32	0.95	0.95	0.95	0	-1.8168	1.39626	637640932
-1	3	4	2	1	3	1	32	32	0.906374	0.906374	0.906374	0	-1.24696	1.39626	637575400
-1	3	4	2	1	3	2	32	32	0.913121	0.913121	0.913121	0	-1.33482	1.39626	637608168
-1	3	4	2	1	3	3	32	32	0.963387	0.963387	0.963387	0	-1.44237	1.39626	637640936
-1	2	4	2	1	1	1	32	32	0.974229	0.974229	0.974229	0	-1.56396	1.0472	637567204
-1	2	4	2	1	1	2	32	32	0.939019	0.939019	0.939019	0	-1.68861	1.0472	637599972
-1	2	4	2	1	1	3	32	32	0.95	0.95	0.95	0	-1.8168	1.0472	637632740
-1	3	4	2	1	1	1	32	32	0.805493	0.805493	0.805493	0	-1.24696	1.0472	637567208
-1	3	4	2	1	1	2	32	32	0.874904	0.874904	0.874904	0	-1.33482	1.0472	637599976
-1	3	4	2	1	1	3	32	32	0.897119	0.897119	0.897119	0	-1.44237	1.0472	637632744
-1	2	4	1	1	5	1	32	32	0.975691	0.975691	0.975691	0	-1.56396	0.698132	637583460
-1	2	4	1	1	5	2	32	32	0.901564	0.901564	0.901564	0	-1.68861	0.698132	637616228
-1	2	4	1	1	5	3	32	32	0.95	0.95	0.95	0	-1.8168	0.698132	637648996
-1	3	4	1	1	5	1	32	32	0.882281	0.882281	0.882281	0	-1.24696	0.698132	637583464
-1	3	4	1	1	5	2	32	32	0.92889	0.92889	0.92889	0	-1.33482	0.698132	637616232
-1	3	4	1	1	5	3	32	32	0.945266	0.945266	0.945266	0	-1.44237	0.698132	637649000
-1	2	4	1	1	3	1	32	32	0.962761	0.962761	0.962761	0	-1.56396	0.349066	637575268
-1	2	4	1	1	3	2	32	32	0.954424	0.954424	0.954424	0	-1.68861	0.349066	637608036
-1	2	4	1	1	3	3	32	32	0.95	0.95	0.95	0	-1.8168	0.349066	637640804
-1	3	4	1	1	3	1	32	32	0.788643	0.788643	0.788643	0	-1.24696	0.349066	637575272
-1	3	4	1	1	3	2	32	32	0.856815	0.856815	0.856815	0	-1.33482	0.349066	637608040
-1	3	4	1	1	3	3	32	32	0.925074	0.925074	0.925074	0	-1.44237	0.349066	637640808
-1	2	4	1	1	1	1	32	32	0.963853	0.963853	0.963853	0	-1.56396	4.9135e-16	637567076
-1	2	4	1	1	1	2	32	32	0.944651	0.944651	0.944651	0	-1.68861	5.96578e-16	637599844
-1	2	4	1	1	1	3	32	32	0.95	0.95	0.95	0	-1.8168	7.18353e-16	637632612
-1	3	4	1	1	1	1	32	32	0.798031	0.798031	0.798031	0	-1.24696	2.37835e-16	637567080
-1	3	4	1	1	1	2	32	32	0.818979	0.818979	0.818979	0	-1.33482	2.89108e-16	637599848
-1	3	4	1	1	1	3	32	32	0.917984	0.917984	0.917984	0	-1.44237	3.57464e-16	637632616
-1	2	4	6	1	5	1	32	32	0.974339	0.974339	0.974339	0	-1.56396	-0.349066	637584100
-1	2	4	6	1	5	2	32	32	0.944947	0.944947	0.944947	0	-1.68861	-0.349066	637616868
-1	2	4	6	1	5	3	32	32	0.95	0.95	0.95	0	-1.8168	-0.349066	637649636
-1	3	4	6	1	5	1	32	32	0.888381	0.888381	0.888381	0	-1.24696	-0.349066	637584104
-1	3	4	6	1	5	2	32	32	0.873965	0.873965	0.873965	0	-1.33482	-0.349066	637616872
-1	3	4	6	1	5	3	32	32	0.949479	0.949479	0.949479	0	-1.44237	-0.349066	637649640
-1	2	4	6	1	3	1	32	32	0.980148	0.980148	0.980148	0	-1.56396	-0.698132	637575908
-1	2	4	6	1	3	2	32	32	0.935114	0.935114	0.935114	0	-1.68861	-0.698132	637608676
-1	2	4	6	1	3	3	32	32	0.95	0.95	0.95	0	-1.8168	-0.698132	637641444
-1	3	4	6	1	3	1	32	32	0.804397	0.804397	0.804397	0	-1.24696	-0.698132	637575912
-1	3	4	6	1	3	2	32	32	0.855591	0.855591	0.855591	0	-1.33482	-0.698132	637608680
-1	3	4	6	1	3	3	32	32	0.953287	0.953287	0.953287	0	-1.44237	-0.698132	637641448
-1	2	4	6	1	1	1	32	32	0	0	0	32	-1.56396	-1.0472	637567716
-1	2	4	6	1	1	2	32	32	0	0	0	32	-1.68861	-1.0472	637600484
-1	2	4	6	1	1	3	32	32	0.95	0.95	0.95	0	-1.8168	-1.0472	637633252
-1	3	4	6	1	1	1	32	32	0.660827	0.660827	0.660827	0	-1.24696	-1.0472	637567720
-1	3	4	6	1	1	2	32	32	0.564615	0.564615	0.564615	0	-1.33482	-1.0472	637600488
-1	3	4	6	1	1	3	32	32	0.862946	0.862946	0.862946	0	-1.44237	-1.0472	637633256
-1	2	4	5	1	5	1	32	32	0.985706	0.985706	0.985706	0	-1.56396	-1.39626	637583972
-1	2	4	5	1	5	2	32	32	0.90668	0.90668	0.90668	0	-1.68861	-1.39626	637616740
-1	2	4	5	1	5	3	32	32	0.95	0.95	0.95	0	-1.8168	-1.39626	637649508
-1	3	4	5	1	5	1	32	32	0.86369	0.86369	0.86369	0	-1.24696	-1.39626	637583976
-1	3	4	5	1	5	2	32	32	0.874782	0.874782	0.874782	0	-1.33482	-1.39626	637616744
-1	3	4	5	1	5	3	32	32	0.958553	0.958553	0.958553	0	-1.44237	-1.39626	637649512
-1	2	4	5	1	3	1	32	32	0.977539	0.977539	0.977539	0	-1.56396	-1.74533	637575780
-1	2	4	5	1	3	2	32	32	0.947182	0.947182	0.947182	0	-1.68861	-1.74533	637608548
-1	2	4	5	1	3	3	32	32	0.95	0.95	0.95	0	-1.8168	-1.74533	637641316
-1	3	4	5	1	3	1	32	32	0.916858	0.916858	0.916858	0	-1.24696	-1.74533	637575784
-1	3	4	5	1	3	2	32	32	0.898841	0.898841	0.898841	0	-1.33482	-1.74533	637608552
-1	3	4	5	1	3	3	32	32	0.946183	0.946183	0.946183	0	-1.44237	-1.74533	637641320
-1	2	4	5	1	1	1	32	32	0.97532	0.97532	0.97532	0	-1.56396	-2.0944	637567588
-1	2	4	5	1	1	2	32	32	0.936772	0.936772	0.936772	0	-1.68861	-2.0944	637600356
-1	2	4	5	1	1	3	32	32	0.95	0.95	0.95	0	-1.8168	-2.0944	637633124
-1	3	4	5	1	1	1	32	32	0.883004	0.883004	0.883004	0	-1.24696	-2.0944	637567592
-1	3	4	5	1	1	2	32	32	0.864611	0.864611	0.864611	0	-1.33482	-2.0944	637600360
-1	3	4	5	1	1	3	32	32	0.943385	0.943385	0.943385	0	-1.44237	-2.0944	637633128
-1	2	4	4	1	5	1	32	32	0.852773	0.852773	0.852773	0	-1.56396	-2.44346	637583844
-1	2	4	4	1	5	2	32	32	0.669466	0.669466	0.669466	0	-1.68861	-2.44346	637616612
-1	2	4	4	1	5	3	32	32	0.95	0.95	0.95	0	-1.8168	-2.44346	637649380
-1	3	4	4	1	5	1	32	32	0.816516	0.816516	0.816516	0	-1.24696	-2.44346	637583848
-1	3	4	4	1	5	2	32	32	0.849929	0.849929	0.849929	0	-1.33482	-2.44346	637616616
-1	3	4	4	1	5	3	32	32	0.882199	0.882199	0.882199	0	-1.44237	-2.44346	637649384
-1	2	4	4	1	3	1	32	32	0.981743	0.981743	0.981743	0	-1.56396	-2.79253	637575652
-1	2	4	4	1	3	2	32	32	0.907232	0.907232	0.907232	0	-1.68861	-2.79253	637608420
-1	2	4	4	1	3	3	32	32	0.95	0.95	0.95	0	-1.8168	-2.79253	637641188
-1	3	4	4	1	3	1	32	32	0.891591	0.891591	0.891591	0	-1.24696	-2.79253	637575656
-1	3	4	4	1	3	2	32	32	0.911617	0.911617	0.911617	0	-1.33482	-2.79253	637608424
-1	3	4	4	1	3	3	32	32	0.931209	0.931209	0.931209	0	-1.44237	-2.79253	637641192
-1	2	4	4	1	1	1	32	32	0.959586	0.959586	0.959586	0	-1.56396	-3.14159	637567460
-1	2	4	4	1	1	2	32	32	0.924064	0.924064	0.924064	0	-1.68861	-3.14159	637600228
-1	2	4	4	1	1	3	32	32	0.95	0.95	0.95	0	-1.8168	-3.14159	637632996
-1	3	4	4	1	1	1	32	32	0.897957	0.897957	0.897957	0	-1.24696	-3.14159	637567464
-1	3	4	4	1	1	2	32	32	0.926352	0.926352	0.926352	0	-1.33482	-3.14159	637600232
-1	3	4	4	1	1	3	32	32	0.951819	0.951819	0.951819	0	-1.44237	-3.14159	637633000
-1	1	4	3	1	3	1	192	192	0.95	0.95	0.95	0	-1.9422	2.87979	637575520
-1	1	4	3	1	3	2	192	192	0.95	0.95	0.95	0	-2.03612	2.87979	637608288
-1	1	4	3	1	3	3	192	192	0.95	0.95	0.95	0	-2.14091	2.87979	637641056
-1	1	4	3	1	3	4	192	192	0.95	0.95	0.95	0	-2.25913	2.87979	637673824
-1	1	4	3	1	3	5	192	192	0.95	0.95	0.95	0	-2.39442	2.87979	637706592
-1	1	4	3	1	1	1	192	192	0.95	0.95	0.95	0	-1.9422	2.18166	637567328
-1	1	4	3	1	1	2	192	192	0.95	0.95	0.95	0	-2.03612	2.18166	637600096
-1	1	4	3	1	1	3	192	192	0.95	0.95	0.95	0	-2.14091	2.18166	637632864
-1	1	4	3	1	1	4	192	192	0.95	0.95	0.95	0	-2.25913	2.18166	637665632
-1	1	4	3	1	1	5	192	192	0.95	0.95	0.95	0	-2.39442	2.18166	637698400
-1	1	4	2	1	2	1	192	192	0.95	0.95	0.95	0	-1.9422	1.48353	637571296
-1	1	4	2	1	2	2	192	192	0.95	0.95	0.95	0	-2.03612	1.48353	637604064
-1	1	4	2	1	2	3	192	192	0.95	0.95	0.95	0	-2.14091	1.48353	637636832
-1	1	4	2	1	2	4	192	192	0.95	0.95	0.95	0	-2.25913	1.48353	637669600
-1	1	4	2	1	2	5	192	192	0.95	0.95	0.95	0	-2.39442	1.48353	637702368
-1	1	4	1	1	3	1	192	192	0.95	0.95	0.95	0	-1.9422	0.785398	637575264
-1	1	4	1	1	3	2	192	192	0.95	0.95	0.95	0	-2.03612	0.785398	637608032
-1	1	4	1	1	3	3	192	192	0.95	0.95	0.95	0	-2.14091	0.785398	637640800
-1	1	4	1	1	3	4	192	192	0.95	0.95	0.95	0	-2.25913	0.785398	637673568
-1	1	4	1	1	3	5	192	192	0.95	0.95	0.95	0	-2.39442	0.785398	637706336
-1	1	4	1	1	1	1	192	192	0.95	0.95	0.95	0	-1.9422	0.0872665	637567072
-1	1	4	1	1	1	2	192	192	0.95	0.95	0.95	0	-2.03612	0.0872665	637599840
-1	1	4	1	1	1	3	192	192	0.95	0.95	0.95	0	-2.14091	0.0872665	637632608
-1	1	4	1	1	1	4	192	192	0.95	0.95	0.95	0	-2.25913	0.0872665	637665376
-1	1	4	1	1	1	5	192	192	0.95	0.95	0.95	0	-2.39442	0.0872665	637698144
-1	1	4	6	1	2	1	192	192	0.95	0.95	0.95	0	-1.9422	-0.610865	637571808
-1	1	4	6	1	2	2	192	192	0.95	0.95	0.95	0	-2.03612	-0.610865	637604576
-1	1	4	6	1	2	3	192	192	0.95	0.95	0.95	0	-2.14091	-0.610865	637637344
-1	1	4	6	1	2	4	192	192	0.95	0.95	0.95	0	-2.25913	-0.610865	637670112
-1	1	4	6	1	2	5	192	192	0.95	0.95	0.95	0	-2.39442	-0.610865	637702880
-1	1	4	5	1	3	1	192	192	0.95	0.95	0.95	0	-1.9422	-1.309	637575776
-1	1	4	5	1	3	2	192	192	0.95	0.95	0.95	0	-2.03612	-1.309	637608544
-1	1	4	5	1	3	3	192	192	0.95	0.95	0.95	0	-2.14091	-1.309	637641312
-1	1	4	5	1	3	4	192	192	0.95	0.95	0.95	0	-2.25913	-1.309	637674080
-1	1	4	5	1	3	5	192	192	0.95	0.95	0.95	0	-2.39442	-1.309	637706848
-1	1	4	5	1	1	1	192	192	0.95	0.95	0.95	0	-1.9422	-2.00713	637567584
-1	1	4	5	1	1	2	192	192	0.95	0.95	0.95	0	-2.03612	-2.00713	637600352
-1	1	4	5	1	1	3	192	192	0.95	0.95	0.95	0	-2.14091	-2.00713	637633120
-1	1	4	5	1	1	4	192	192	0.95	0.95	0.95	0	-2.25913	-2.00713	637665888
-1	1	4	5	1	1	5	192	192	0.95	0.95	0.95	0	-2.39442	-2.00713	637698656
-1	1	4	4	1	2	1	192	192	0.95	0.95	0.95	0	-1.9422	-2.70526	637571552
-1	1	4	4	1	2	2	192	192	0.95	0.95	0.95	0	-2.03612	-2.70526	637604320
-1	1	4	4	1	2	3	192	192	0.95	0.95	0.95	0	-2.14091	-2.70526	637637088
-1	1	4	4	1	2	4	192	192	0.95	0.95	0.95	0	-2.25913	-2.70526	637669856
-1	1	4	4	1	2	5	192	192	0.95	0.95	0.95	0	-2.39442	-2.70526	637702624
-1	1	4	3	1	2	1	192	192	0.95	0.95	0.95	0	-1.94619	2.53073	637571424
-1	1	4	3	1	2	2	192	192	0.95	0.95	0.95	0	-2.04014	2.53073	637604192
-1	1	4	3	1	2	3	192	192	0.95	0.95	0.95	0	-2.14496	2.53073	637636960
-1	1	4	3	1	2	4	192	192	0.95	0.95	0.95	0	-2.2632	2.53073	637669728
-1	1	4	3	1	2	5	192	192	0.95	0.95	0.95	0	-2.39852	2.53073	637702496
-1	1	4	2	1	3	1	192	192	0.95	0.95	0.95	0	-1.94619	1.8326	637575392
-1	1	4	2	1	3	2	192	192	0.95	0.95	0.95	0	-2.04014	1.8326	637608160
-1	1	4	2	1	3	3	192	192	0.95	0.95	0.95	0	-2.14496	1.8326	637640928
-1	1	4	2	1	3	4	192	192	0.95	0.95	0.95	0	-2.2632	1.8326	637673696
-1	1	4	2	1	3	5	192	192	0.95	0.95	0.95	0	-2.39852	1.8326	637706464
-1	1	4	2	1	1	1	192	192	0.95	0.95	0.95	0	-1.94619	1.13446	637567200
-1	1	4	2	1	1	2	192	192	0.95	0.95	0.95	0	-2.04014	1.13446	637599968
-1	1	4	2	1	1	3	192	192	0.95	0.95	0.95	0	-2.14496	1.13446	637632736
-1	1	4	2	1	1	4	192	192	0.95	0.95	0.95	0	-2.2632	1.13446	637665504
-1	1	4	2	1	1	5	192	192	0.95	0.95	0.95	0	-2.39852	1.13446	637698272
-1	1	4	1	1	2	1	192	192	0.95	0.95	0.95	0	-1.94619	0.436332	637571168
-1	1	4	1	1	2	2	192	192	0.95	0.95	0.95	0	-2.04014	0.436332	637603936
-1	1	4	1	1	2	3	192	192	0.95	0.95	0.95	0	-2.14496	0.436332	637636704
-1	1	4	1	1	2	4	192	192	0.95	0.95	0.95	0	-2.2632	0.436332	637669472
-1	1	4	1	1	2	5	192	192	0.95	0.95	0.95	0	-2.39852	0.436332	637702240
-1	1	4	6	1	3	1	192	192	0.95	0.95	0.95	0	-1.94619	-0.261799	637575904
-1	1	4	6	1	3	2	192	192	0.95	0.95	0.95	0	-2.04014	-0.261799	637608672
-1	1	4	6	1	3	3	192	192	0.95	0.95	0.95	0	-2.14496	-0.261799	637641440
-1	1	4	6	1	3	4	192	192	0.95	0.95	0.95	0	-2.2632	-0.261799	637674208
-1	1	4	6	1	3	5	192	192	0.95	0.95	0.95	0	-2.39852	-0.261799	637706976
-1	1	4	6	1	1	1	192	192	0.95	0.95	0.95	0	-1.94619	-0.959931	637567712
-1	1	4	6	1	1	2	192	192	0.95	0.95	0.95	0	-2.04014	-0.959931	637600480
-1	1	4	6	1	1	3	192	192	0.95	0.95	0.95	0	-2.14496	-0.959931	637633248
-1	1	4	6	1	1	4	192	192	0.95	0.95	0.95	0	-2.2632	-0.959931	637666016
-1	1	4	6	1	1	5	192	192	0.95	0.95	0.95	0	-2.39852	-0.959931	637698784
-1	1	4	5	1	2	1	192	192	0.95	0.95	0.95	0	-1.94619	-1.65806	637571680
-1	1	4	5	1	2	2	192	192	0.95	0.95	0.95	0	-2.04014	-1.65806	637604448
-1	1	4	5	1	2	3	192	192	0.95	0.95	0.95	0	-2.14496	-1.65806	637637216
-1	1	4	5	1	2	4	192	192	0.95	0.95	0.95	0	-2.2632	-1.65806	637669984
-1	1	4	5	1	2	5	192	192	0.95	0.95	0.95	0	-2.39852	-1.65806	637702752
-1	1	4	4	1	3	1	192	192	0.95	0.95	0.95	0	-1.94619	-2.35619	637575648
-1	1	4	4	1	3	2	192	192	0.95	0.95	0.95	0	-2.04014	-2.35619	637608416
-1	1	4	4	1	3	3	192	192	0.95	0.95	0.95	0	-2.14496	-2.35619	637641184
-1	1	4	4	1	3	4	192	192	0.95	0.95	0.95	0	-2.2632	-2.35619	637673952
-1	1	4	4	1	3	5	192	192	0.95	0.95	0.95	0	-2.39852	-2.35619	637706720
-1	1	4	4	1	1	1	192	192	0.95	0.95	0.95	0	-1.94619	-3.05433	637567456
-1	1	4	4	1	1	2	192	192	0.95	0.95	0.95	0	-2.04014	-3.05433	637600224
-1	1	4	4	1	1	3	192	192	0.95	0.95	0.95	0	-2.14496	-3.05433	637632992
-1	1	4	4	1	1	4	192	192	0.95	0.95	0.95	0	-2.2632	-3.05433	637665760
-1	1	4	4	1	1	5	192	192	0.95	0.95	0.95	0	-2.39852	-3.05433	637698528
